{
  "version": "0.1",
  "id": "index_list_new",
  "targetURL": "http://218.95.181.41:8081/ajjwork/main/symh/workNews.do?method=toZZZWorkNewsView&id=330a1a4e-406c-4216-a6e6-5d2f6fda6e70",
  "jsFile": "index.js",
  "chineseName": "首页点击列表进入的新闻",
  "description": "",
  "controls": {
    "control7_uJ3Ikm": {
      "location": {
        "data": {
          "tagName": "LI"
        },
        "userData": {
          "data": [],
          "force": false
        },
        "locators": [
          {
            "id": "@class/word",
            "prob": 1,
            "value": "TD.pad-1 DIV.sbg LI.word_19"
          },
          {
            "id": "path/ordinal",
            "prob": 1,
            "value": "/HTML[1]/BODY[1]/TABLE[4]/TBODY[1]/TR[1]/TD[1]/DIV[1]/UL[1]/LI[1]"
          },
          {
            "id": "elderLevel",
            "value": {
              "level": 0
            }
          }
        ]
      },
      "events": {
        "onGetData": "getData_control7_uJ3Ikm"
      },
      "intendedRole": "custom",
      "roles": "element,custom",
      "monitored": false,
      "frameXPath": "",
      "componentType": "custom"
    },
    "control66_m7Jve4": {
      "location": {
        "data": {
          "tagName": "HTML"
        },
        "locators": [
          {
            "id": "path/ordinal",
            "prob": 1,
            "value": "/HTML[1]"
          }
        ]
      },
      "events": {
        "onGetData": "getData_control66_m7Jve4"
      },
      "intendedRole": "custom",
      "roles": "element,custom",
      "ignoreVisibility": true,
      "monitored": true,
      "frameXPath": "//iframe[@id='iframepage']<<IFRAME>>",
      "componentType": "custom"
    }
  },
  "contexts": {
    "context3_AvAAA9": {
      "controls": [
        "control7_uJ3Ikm",
        "control66_m7Jve4"
      ],
      "anchors": [],
      "urlAnchor": []
    }
  },
  "flows": {
    "flow9_TxwpmE": {
      "toContexts": [
        {
          "toContextId": "context3_AvAAA9"
        }
      ]
    }
  },
  "pages": {
    "page3_6wBe0V": {
      "contextId": "context3_AvAAA9",
      "layout": [
        {
          "id": "uiControl12_wld1Tn",
          "controlId": "control7_uJ3Ikm",
          "display": {
            "adapterId": "custom",
            "type": "custom",
            "adapter": {
              "templateType": "react",
              "events": {
                "onDoAction": "doAction_uiControl12_wld1Tn",
                "onGetTemplate": "getTemplate_uiControl12_wld1Tn"
              }
            }
          }
        },
        {
          "id": "uiControl10_ra80hP",
          "display": {
            "type": "card",
            "adapterId": "card",
            "adapter": {
              "templateType": ""
            }
          },
          "layout": [
            {
              "id": "uiControl10_ra80hPheader",
              "display": {
                "type": "cardHeader",
                "text": "",
                "adapterId": "cardHeader",
                "adapter": {
                  "templateType": ""
                }
              },
              "layout": []
            },
            {
              "id": "uiControl10_ra80hPbody",
              "display": {
                "type": "cardBody",
                "adapterId": "cardBody",
                "adapter": {
                  "templateType": ""
                }
              },
              "layout": [
                {
                  "id": "uiControl83_yvO6gW",
                  "controlId": "control66_m7Jve4",
                  "display": {
                    "adapterId": "custom",
                    "type": "custom",
                    "adapter": {
                      "templateType": "react",
                      "events": {
                        "onDoAction": "doAction_uiControl83_yvO6gW",
                        "onGetTemplate": "getTemplate_uiControl83_yvO6gW"
                      }
                    }
                  }
                }
              ]
            },
            {
              "id": "uiControl10_ra80hPfooter",
              "display": {
                "type": "cardFooter",
                "adapterId": "cardFooter",
                "adapter": {
                  "templateType": ""
                }
              },
              "layout": []
            }
          ]
        }
      ]
    }
  },
  "matchers": {
    "page/title": {
      "contexts": {
        "context3_AvAAA9": [
          "宁夏回族自治区安全生产综合监管信息平台"
        ]
      }
    },
    "page/urls": {
      "contexts": {
        "context3_AvAAA9": [
          "218.95.181.41:8081/ajjwork/main/symh/workNews.do?method=toZZZWorkNewsView&id=330a1a4e-406c-4216-a6e6-5d2f6fda6e70",
          "218.95.181.41:8081/ajjwork/main/symh/workNews.do?method=toZZZWorkNewsView&id=ea41e4d8-36bd-4794-8203-607428ef03b4",
          "218.95.181.41:8081/ajjwork/main/symh/workNews.do?method=toZZZWorkNewsView&id=068ff28a-d007-49b3-994e-164a196b6f5a"
        ]
      }
    },
    "page/ids": {
      "contexts": {
        "context3_AvAAA9": [
          [
            "iframepage"
          ]
        ]
      }
    },
    "page/classes": {
      "contexts": {
        "context3_AvAAA9": [
          [
            "mar-",
            "pad-",
            "sbg",
            "word-",
            "word_",
            "wz"
          ]
        ]
      }
    },
    "page/tagTriplets": {
      "contexts": {
        "context3_AvAAA9": [
          [
            "-/-/DIV",
            "-/-/SCRIPT",
            "-/-/TABLE",
            "-/DIV/TABLE",
            "-/TABLE/TBODY",
            "DIV/TABLE/TBODY",
            "DIV/UL/IFRAME",
            "DIV/UL/LI",
            "TABLE/TBODY/TR",
            "TBODY/TR/TD",
            "TD/DIV/UL",
            "TD/TABLE/TBODY",
            "TR/TD/BR",
            "TR/TD/DIV",
            "TR/TD/IMG",
            "TR/TD/TABLE"
          ]
        ]
      }
    }
  }
}