{
  "version": "0.1",
  "id": "Newleave",
  "targetURL": "https://performancemanager15.sapsf.cn/xi/ui/ect/pages/absence/timeOff.xhtml?_s.crb=4VmcL9ZD7LKJOr43wqpzPM1m0RQ%3d",
  "jsFile": "index.js",
  "chineseName": "休假申请单",
  "description": "",
  "firstPaintEnable": false,
  "controls": {
    "control4_LJUJ3J": {
      "location": {
        "data": {
          "tagName": "DIV"
        },
        "userData": {
          "data": [],
          "force": false
        },
        "locators": [
          {
            "id": "@id/word",
            "prob": 2,
            "value": [
              "descendant::BODY[@id=\"pagebody\"]//DIV[@id=\"container\"]//DIV[@id=\"content\"]/DIV[2]",
              "descendant::DIV[@id=\"container\"]//DIV[@id=\"content\"]/DIV[2]",
              "descendant::DIV[@id=\"content\"]/DIV[2]"
            ]
          },
          {
            "id": "@class/word",
            "prob": 1,
            "value": "DIV.globalLighting2 DIV.globalPlacemat DIV.timeOffTitle.globalPageTitle"
          },
          {
            "id": "path/ordinal",
            "prob": 1,
            "value": "/HTML[1]/BODY[1]/DIV[4]/DIV[1]/DIV[2]/DIV[3]/DIV[2]"
          }
        ]
      },
      "events": {
        "onGetData": "getData_control4_LJUJ3J"
      },
      "intendedRole": "custom",
      "roles": "element,link,custom",
      "monitored": true,
      "frameXPath": "",
      "componentType": "custom"
    },
    "control6_lN3Z39": {
      "location": {
        "data": {
          "tagName": "DIV"
        },
        "userData": {
          "force": true,
          "data": [
            {
              "method": "XPath",
              "value": "//*[@id=\"7_\"]"
            }
          ]
        },
        "locators": [
          {
            "id": "@id/word",
            "prob": 1,
            "value": "descendant::DIV[@id=\"content\"]//DIV[@id=\"absencePage\"]//DIV[@id=\"createTimeOffArea\"]/DIV[2]/DIV[2]/DIV[1]/DIV[1]/DIV[3]/DIV[2]"
          },
          {
            "id": "@id/partialWord",
            "prob": 1,
            "disabled": true,
            "value": {
              "elemId": "137__contentBlock",
              "tagName": "DIV",
              "prefix": "DIV[@id=\"absencePage\"]//DIV[@id=\"createTimeOffArea\"]//",
              "suffix": "/DIV[3]/DIV[2]",
              "ratio": 0.541
            }
          },
          {
            "id": "@id/nonWord",
            "prob": 1,
            "disabled": true,
            "fact": "7_",
            "value": "descendant::DIV[@id=\"absencePage\"]//DIV[@id=\"createTimeOffArea\"]//DIV[@id=\"7_\"]"
          },
          {
            "id": "@class/word",
            "prob": 1,
            "value": "DIV.globalRoundedCorners.ectFormContainer.globalContainer.portletCalendar.portletReadModeBG.blindnessDisabled DIV.ectFCBody.globalPortletBody DIV.absenceCalendarContainer.ECTAbsenceType1"
          },
          {
            "id": "path/ordinal",
            "prob": 1,
            "value": "/HTML[1]/BODY[1]/DIV[4]/DIV[1]/DIV[2]/DIV[3]/DIV[4]/DIV[1]/DIV[2]/DIV[2]/DIV[2]/DIV[1]/DIV[1]/DIV[3]/DIV[2]"
          }
        ]
      },
      "events": {
        "onGetData": "getData_control6_lN3Z39"
      },
      "intendedRole": "custom",
      "roles": "element,custom",
      "ignoreVisibility": true,
      "monitored": true,
      "frameXPath": "",
      "componentType": "custom"
    },
    "control7_ITSLoB": {
      "location": {
        "data": {
          "tagName": "DIV"
        },
        "locators": [
          {
            "id": "@id/word",
            "prob": 1,
            "value": "descendant::DIV[@id=\"content\"]//DIV[@id=\"absencePage\"]//DIV[@id=\"createTimeOffArea\"]/DIV[2]/DIV[2]/DIV[1]/DIV[1]/DIV[1]/DIV[1]/DIV[2]"
          },
          {
            "id": "@id/nonWord",
            "prob": 1,
            "disabled": true,
            "fact": "336_",
            "value": "descendant::DIV[@id=\"absencePage\"]//DIV[@id=\"createTimeOffArea\"]//DIV[@id=\"336_\"]"
          },
          {
            "id": "@class/word",
            "prob": 1,
            "value": "DIV.ectFCBody.globalPortletBody DIV.tlmTimeTypeSelectionContainer DIV.tlmTimeTypeSelectionContainerCenter.aquabtn"
          },
          {
            "id": "path/ordinal",
            "prob": 1,
            "value": "/HTML[1]/BODY[1]/DIV[4]/DIV[1]/DIV[2]/DIV[3]/DIV[4]/DIV[1]/DIV[2]/DIV[2]/DIV[2]/DIV[1]/DIV[1]/DIV[1]/DIV[1]/DIV[2]"
          }
        ]
      },
      "events": {
        "onGetData": "getData_control7_ITSLoB"
      },
      "intendedRole": "custom",
      "roles": "element,link,custom",
      "monitored": false,
      "frameXPath": "",
      "componentType": "custom"
    }
  },
  "contexts": {
    "context4_TE0fZ3": {
      "controls": [
        "control4_LJUJ3J",
        "control6_lN3Z39",
        "control7_ITSLoB"
      ],
      "anchors": [],
      "urlAnchor": [
        "https:\\/\\/performancemanager15\\.sapsf\\.cn\\/xi\\/ui\\/ect\\/pages\\/absence\\/timeOff.\\xhtml\\?.*"
      ]
    }
  },
  "flows": {
    "flow4_DOiGeo": {
      "toContexts": [
        {
          "toContextId": "context4_TE0fZ3"
        }
      ]
    },
    "flow6_1kSEJp": {
      "fromContextId": "context4_TE0fZ3",
      "fromAction": "doAction",
      "fromControlId": "control6_lN3Z39",
      "toContexts": [
        {
          "toContextId": "context4_TE0fZ3"
        }
      ]
    }
  },
  "pages": {
    "page4_qBrgh5": {
      "contextId": "context4_TE0fZ3",
      "layout": [
        {
          "id": "uiControl4_JFyCRm",
          "controlId": "control4_LJUJ3J",
          "display": {
            "adapterId": "custom",
            "type": "custom",
            "adapter": {
              "templateType": "react",
              "events": {
                "onDoAction": "doAction_uiControl4_JFyCRm",
                "onGetTemplate": "getTemplate_uiControl4_JFyCRm"
              }
            }
          }
        },
        {
          "id": "uiControl7_M97MdJ",
          "controlId": "control7_ITSLoB",
          "display": {
            "adapterId": "custom",
            "type": "custom",
            "adapter": {
              "templateType": "react",
              "events": {
                "onDoAction": "doAction_uiControl7_M97MdJ",
                "onGetTemplate": "getTemplate_uiControl7_M97MdJ"
              }
            }
          }
        },
        {
          "id": "uiControl6_B1hDxL",
          "controlId": "control6_lN3Z39",
          "display": {
            "adapterId": "custom",
            "type": "custom",
            "adapter": {
              "templateType": "react",
              "events": {
                "onDoAction": "doAction_uiControl6_B1hDxL",
                "onGetTemplate": "getTemplate_uiControl6_B1hDxL"
              }
            }
          }
        }
      ]
    }
  },
  "matchers": {
    "page/title": {
      "contexts": {
        "context4_TE0fZ3": [
          "SuccessFactors: 员工档案",
          "您的会话已过期。"
        ]
      }
    },
    "page/urls": {
      "contexts": {
        "context4_TE0fZ3": [
          "performancemanager15.sapsf.cn/xi/ui/ect/pages/absence/timeOff.xhtml?_s.crb=4VmcL9ZD7LKJOr43wqpzPM1m0RQ%3d",
          "performancemanager15.sapsf.cn/xi/ui/ect/pages/absence/timeOff.xhtml?_s.crb=t4Ho%2fehJBTiPjvbO1QQibU%2f6S9E%3d"
        ]
      }
    },
    "page/ids": {
      "contexts": {
        "context4_TE0fZ3": [
          [
            "/ui/fo/js/ajaxservice/foAutoCompleteControllerASProxy_ccdcea.js",
            "/ui/juic/js/Util_efdfefaeea.js",
            "/ui/juic/js/core/component_cabcdcabaed.js",
            "/ui/notification/js/ajaxservice/globalNotificationControllerASProxy_cdbcedaa.js",
            "/ui/sfgrp/js/SURJUtil_eedafaccecfeb.js",
            "/ui/v/js/ajaxservice/tutorialVideoControllerASProxy_acefdbdfc.js",
            "_",
            "__Grid",
            "__Image",
            "__Text",
            "___row",
            "__absenceApprover",
            "__absenceInfo",
            "__absenceStatus",
            "__accountsTable",
            "__boldText",
            "__buttonBar",
            "__buttonContainer",
            "__cancelLink",
            "__cancelLinkAndLoad",
            "__cancelLoad",
            "__clearSelection",
            "__collapsibleSection",
            "__commentField",
            "__commentIcon",
            "__commentLink",
            "__commentLoad",
            "__comments",
            "__commentsection",
            "__container",
            "__contentBlock",
            "__create",
            "__createContainer",
            "__createContainerContent",
            "__dateTxt",
            "__desc",
            "__description",
            "__div",
            "__editLink",
            "__efeWrapperSpan",
            "__error",
            "__field",
            "__fieldFocusMark",
            "__field_",
            "__field__",
            "__field__lbl",
            "__fieldborder",
            "__fields",
            "__fileImg",
            "__focusContainer",
            "__header",
            "__helpLink",
            "__hh",
            "__hhmmString",
            "__icon",
            "__image",
            "__img",
            "__inputfieldcontainer",
            "__jsview",
            "__label",
            "__limiterText",
            "__listContainer",
            "__loading",
            "__magimg",
            "__mdf_rwf",
            "__mm",
            "__msg",
            "__multiFields",
            "__normText",
            "__notification",
            "__outerContainer",
            "__overflowText",
            "__peopleSearch",
            "__photo",
            "__photo-inner",
            "__read",
            "__requiredSpan",
            "__selectionContainer",
            "__showTAC",
            "__showTeamAbsenceCalendar",
            "__singleField",
            "__strucklabel_desc",
            "__tableContainer",
            "__tac",
            "__tacLink",
            "__text",
            "__title",
            "__unitLabel",
            "__warning",
            "__wrapper",
            "__write",
            "__write_description",
            "__write_toggle",
            "__xbutton",
            "__xbutton-img",
            "__xbutton-inner",
            "_cancelRequestButton",
            "_clockTimeFormGrid",
            "_commentTextArea",
            "_commentTitle",
            "_createFormGrid",
            "_errorContainer",
            "_extFormGrid",
            "_label",
            "_link",
            "_outerContainer",
            "_overlay",
            "aboutBox",
            "absencePage",
            "attachment_alt",
            "backToPPLink",
            "bizXHeaderCompanyLogo",
            "bizXSearchField",
            "bizXSearchField-F",
            "bizXSearchField-I",
            "bizXSearchField-ayAnnouncement",
            "bizXSearchField-reset",
            "bizXShellCustomHeader",
            "bizXShellCustomHeader-BarLeft",
            "bizXShellCustomHeader-BarMiddle",
            "bizXShellCustomHeader-BarPH",
            "bizXShellCustomHeader-BarRight",
            "bizxSubTab_EMPFILE_HELP_TRAINING",
            "bizxSubTab_PEOPLE_PROFILE_",
            "bizxray",
            "btnWrapper__",
            "changePwdDiv",
            "container",
            "content",
            "copyright",
            "createTimeOffArea",
            "current-user-notification-count",
            "current-user-notification-count-img",
            "current-user-notification-count-inner",
            "customHeaderModulePickerBtn",
            "customHeaderModulePickerBtn-content",
            "customHeaderModulePickerBtn-img",
            "customHeaderModulePickerBtn-inner",
            "dlgButton__",
            "flexRQ",
            "footer",
            "globalHeaderFullWidthBackground",
            "globalTodos",
            "globalTodos-img",
            "globalTodos-inner",
            "helpIcon",
            "imgPreloader",
            "j_id",
            "label__",
            "page_title",
            "placematIconsEnd",
            "placematIconsStart",
            "renderTopNavFixedWidthV",
            "sap-ui-bootstrap",
            "sap-ui-invisible-__xbutton",
            "sap-ui-invisible-bizXSuggestButton",
            "sap-ui-preserve",
            "sap-ui-static",
            "serverinfo",
            "showMeButton",
            "showMeButton-img",
            "showMeButton-inner",
            "skip-to-main-content",
            "snapshot",
            "subNavShowMe",
            "surjSubTabBar",
            "triangle__",
            "userInfo",
            "userInfoHeader",
            "version_info_link",
            "watchmemin"
          ],
          [
            "/ui/fo/js/ajaxservice/foAutoCompleteControllerASProxy_ccdcea.js",
            "/ui/juic/js/Util_efdfefaeea.js",
            "/ui/juic/js/core/component_cabcdcabaed.js",
            "/ui/notification/js/ajaxservice/globalNotificationControllerASProxy_cdbcedaa.js",
            "/ui/sfgrp/js/SURJUtil_eedafaccecfeb.js",
            "/ui/v/js/ajaxservice/tutorialVideoControllerASProxy_acefdbdfc.js",
            "_",
            "__Grid",
            "__Image",
            "__Text",
            "___row",
            "__absenceApprover",
            "__absenceInfo",
            "__absenceStatus",
            "__accountsTable",
            "__boldText",
            "__buttonBar",
            "__buttonContainer",
            "__cancelLink",
            "__cancelLinkAndLoad",
            "__cancelLoad",
            "__clearSelection",
            "__collapsibleSection",
            "__commentField",
            "__commentIcon",
            "__commentLink",
            "__commentLoad",
            "__comments",
            "__commentsection",
            "__container",
            "__contentBlock",
            "__create",
            "__createContainer",
            "__createContainerContent",
            "__dateTxt",
            "__desc",
            "__description",
            "__div",
            "__editLink",
            "__efeWrapperSpan",
            "__error",
            "__field",
            "__fieldFocusMark",
            "__field_",
            "__field__",
            "__field__lbl",
            "__fieldborder",
            "__fields",
            "__fileImg",
            "__focusContainer",
            "__header",
            "__helpLink",
            "__hh",
            "__hhmmString",
            "__icon",
            "__image",
            "__img",
            "__inputfieldcontainer",
            "__jsview",
            "__label",
            "__limiterText",
            "__listContainer",
            "__loading",
            "__magimg",
            "__mdf_rwf",
            "__mm",
            "__msg",
            "__multiFields",
            "__normText",
            "__notification",
            "__outerContainer",
            "__overflowText",
            "__peopleSearch",
            "__photo",
            "__photo-inner",
            "__read",
            "__requiredSpan",
            "__selectionContainer",
            "__showTAC",
            "__showTeamAbsenceCalendar",
            "__singleField",
            "__strucklabel_desc",
            "__tableContainer",
            "__tac",
            "__tacLink",
            "__text",
            "__title",
            "__unitLabel",
            "__warning",
            "__wrapper",
            "__write",
            "__write_description",
            "__write_toggle",
            "__xbutton",
            "__xbutton-img",
            "__xbutton-inner",
            "_cancelRequestButton",
            "_clockTimeFormGrid",
            "_commentTextArea",
            "_commentTitle",
            "_createFormGrid",
            "_errorContainer",
            "_extFormGrid",
            "_label",
            "_link",
            "_outerContainer",
            "_overlay",
            "aboutBox",
            "absencePage",
            "attachment_alt",
            "backToPPLink",
            "bizXHeaderCompanyLogo",
            "bizXSearchField",
            "bizXSearchField-F",
            "bizXSearchField-I",
            "bizXSearchField-ayAnnouncement",
            "bizXSearchField-reset",
            "bizXShellCustomHeader",
            "bizXShellCustomHeader-BarLeft",
            "bizXShellCustomHeader-BarMiddle",
            "bizXShellCustomHeader-BarPH",
            "bizXShellCustomHeader-BarRight",
            "bizxSubTab_EMPFILE_HELP_TRAINING",
            "bizxSubTab_PEOPLE_PROFILE_",
            "bizxray",
            "btnWrapper__",
            "changePwdDiv",
            "container",
            "content",
            "copyright",
            "createTimeOffArea",
            "current-user-notification-count",
            "current-user-notification-count-img",
            "current-user-notification-count-inner",
            "customHeaderModulePickerBtn",
            "customHeaderModulePickerBtn-content",
            "customHeaderModulePickerBtn-img",
            "customHeaderModulePickerBtn-inner",
            "dlgButton__",
            "flexRQ",
            "footer",
            "globalHeaderFullWidthBackground",
            "globalTodos",
            "globalTodos-img",
            "globalTodos-inner",
            "helpIcon",
            "imgPreloader",
            "j_id",
            "label__",
            "page_title",
            "placematIconsEnd",
            "placematIconsStart",
            "renderTopNavFixedWidthV",
            "sap-ui-bootstrap",
            "sap-ui-invisible-__xbutton",
            "sap-ui-invisible-bizXSuggestButton",
            "sap-ui-preserve",
            "sap-ui-static",
            "serverinfo",
            "sfOverlayMgr",
            "showMeButton",
            "showMeButton-img",
            "showMeButton-inner",
            "skip-to-main-content",
            "snapshot",
            "subNavShowMe",
            "surjSubTabBar",
            "triangle__",
            "userInfo",
            "userInfoHeader",
            "version_info_link",
            "watchmemin"
          ],
          [
            "/ui/extlib/yui_._sf./js/autocomplete/autocomplete.js",
            "/ui/extlib/yui_._sf./js/connection/connection.js",
            "/ui/extlib/yui_._sf./js/yahoo-dom-event/yahoo-dom-event.js",
            "/ui/fo/js/ajaxservice/foAutoCompleteControllerASProxy_ccdcea.js",
            "/ui/juic/js/Util_efdfefaeea.js",
            "/ui/juic/js/components/JUICUtil_bdcddadbccdc.js",
            "/ui/juic/js/components/sfAbstractDragProxy_dbcfbcaaeefebd.js",
            "/ui/juic/js/components/sfCaretUtil_cadcbeabeebc.js",
            "/ui/juic/js/components/sfSpacingManager_cdabdefbfdbcdbc.js",
            "/ui/juic/js/core/componentLegacy_addaaafdcdce.js",
            "/ui/juic/js/core/component_cabcdcabaed.js",
            "/ui/notification/js/ajaxservice/globalNotificationControllerASProxy_cdbcedaa.js",
            "/ui/sfgrp/js/SURJUtil_eedafaccecfeb.js",
            "/ui/sfgrp/js/juicCommonFormElements_bbeafbedecb.js",
            "/ui/sfgrp/js/juicLayoutUtils_cabdcf.js",
            "/ui/sfgrp/js/juicPopupsV_fbceaedbcbfb.js",
            "/ui/sfgrp/js/juicUtils_deedddeecce.js",
            "/ui/v/js/ajaxservice/tutorialVideoControllerASProxy_acefdbdfc.js",
            "_",
            "__Grid",
            "__Image",
            "__Text",
            "___row",
            "__absenceApprover",
            "__absenceInfo",
            "__absenceStatus",
            "__accountsTable",
            "__boldText",
            "__buttonBar",
            "__buttonContainer",
            "__cancelLink",
            "__cancelLinkAndLoad",
            "__cancelLoad",
            "__clearSelection",
            "__collapsibleSection",
            "__commentField",
            "__commentIcon",
            "__commentLink",
            "__commentLoad",
            "__comments",
            "__commentsection",
            "__container",
            "__contentBlock",
            "__create",
            "__createContainer",
            "__createContainerContent",
            "__dateTxt",
            "__desc",
            "__description",
            "__div",
            "__editLink",
            "__efeWrapperSpan",
            "__error",
            "__field",
            "__fieldFocusMark",
            "__field_",
            "__field__",
            "__field__lbl",
            "__fieldborder",
            "__fields",
            "__fileImg",
            "__focusContainer",
            "__header",
            "__helpLink",
            "__hh",
            "__hhmmString",
            "__icon",
            "__image",
            "__img",
            "__inputfieldcontainer",
            "__jsview",
            "__label",
            "__limiterText",
            "__listContainer",
            "__loading",
            "__magimg",
            "__mdf_rwf",
            "__mm",
            "__msg",
            "__multiFields",
            "__normText",
            "__notification",
            "__outerContainer",
            "__overflowText",
            "__peopleSearch",
            "__photo",
            "__photo-inner",
            "__read",
            "__requiredSpan",
            "__selectionContainer",
            "__showTAC",
            "__showTeamAbsenceCalendar",
            "__singleField",
            "__strucklabel_desc",
            "__tableContainer",
            "__tac",
            "__tacLink",
            "__text",
            "__title",
            "__unitLabel",
            "__warning",
            "__wrapper",
            "__write",
            "__write_description",
            "__write_toggle",
            "__xbutton",
            "__xbutton-img",
            "__xbutton-inner",
            "_cancelRequestButton",
            "_clockTimeFormGrid",
            "_commentTextArea",
            "_commentTitle",
            "_createFormGrid",
            "_errorContainer",
            "_extFormGrid",
            "_label",
            "_link",
            "_outerContainer",
            "_overlay",
            "aboutBox",
            "absencePage",
            "attachment_alt",
            "backToPPLink",
            "bizXHeaderCompanyLogo",
            "bizXSearchField",
            "bizXSearchField-F",
            "bizXSearchField-I",
            "bizXSearchField-ayAnnouncement",
            "bizXSearchField-reset",
            "bizXShellCustomHeader",
            "bizXShellCustomHeader-BarLeft",
            "bizXShellCustomHeader-BarMiddle",
            "bizXShellCustomHeader-BarPH",
            "bizXShellCustomHeader-BarRight",
            "bizxSubTab_EMPFILE_HELP_TRAINING",
            "bizxSubTab_PEOPLE_PROFILE_",
            "bizxray",
            "btnWrapper__",
            "changePwdDiv",
            "container",
            "content",
            "copyright",
            "createTimeOffArea",
            "current-user-notification-count",
            "current-user-notification-count-img",
            "current-user-notification-count-inner",
            "customHeaderModulePickerBtn",
            "customHeaderModulePickerBtn-content",
            "customHeaderModulePickerBtn-img",
            "customHeaderModulePickerBtn-inner",
            "dlgButton__",
            "flexRQ",
            "footer",
            "globalHeaderFullWidthBackground",
            "globalTodos",
            "globalTodos-img",
            "globalTodos-inner",
            "helpIcon",
            "imgPreloader",
            "j_id",
            "label__",
            "page_title",
            "placematIconsEnd",
            "placematIconsStart",
            "renderTopNavFixedWidthV",
            "sap-ui-bootstrap",
            "sap-ui-invisible-__xbutton",
            "sap-ui-invisible-bizXSuggestButton",
            "sap-ui-preserve",
            "sap-ui-static",
            "serverinfo",
            "sfOverlayMgr",
            "showMeButton",
            "showMeButton-img",
            "showMeButton-inner",
            "skip-to-main-content",
            "snapshot",
            "subNavShowMe",
            "surjSubTabBar",
            "triangle__",
            "userInfo",
            "userInfoHeader",
            "version_info_link",
            "watchmemin"
          ]
        ]
      }
    },
    "page/classes": {
      "contexts": {
        "context4_TE0fZ3": [
          [
            "ECTAbsenceType",
            "ECTFormLayout",
            "ECTGridLayout",
            "MDFReadWriteForm",
            "absCreateFormContainer",
            "absenceCalendarContainer",
            "absenceCalshadowBottom",
            "absenceCalshadowTop",
            "absenceCommentContainer",
            "absenceCommentItem",
            "absenceCommentSection",
            "absenceInfo",
            "absenceInformationSection",
            "absenceItem",
            "absenceItemContainer",
            "absenceItemDevider",
            "absenceItemWithDetailsView",
            "absenceMainInfo",
            "absenceOverviewContainer",
            "absencePage",
            "absenceStatus",
            "absenceStatusInfo",
            "absenceTitle",
            "active",
            "alterRow",
            "approver",
            "aquabtn",
            "attachment_lg",
            "balanceAsOf",
            "balanceTitle",
            "baseLayout",
            "bizXDesktopOnly",
            "bizXDisableMobile",
            "bizXMobileOnly",
            "bizXSF",
            "bizXSFB",
            "bizXSFSI",
            "bizXSFTT",
            "bizXShellDropMenuButton",
            "blindnessDisabled",
            "bottom",
            "buttonBar",
            "buttonContainer",
            "buttonContainerButtons",
            "buttonDefault",
            "buttonset",
            "calendarComp",
            "calendarIcon",
            "candidate_summary",
            "cell",
            "center_align",
            "clearIcon",
            "comboBox",
            "commentLink",
            "commentLinkIcon",
            "company-logo",
            "copyright",
            "dataGridLayout",
            "dateField",
            "dateNav",
            "directionbottom",
            "disabled",
            "dummy",
            "ectAbsenceClearSelection",
            "ectAbsenceDateBox",
            "ectAbsenceDayDate",
            "ectAbsenceDayName",
            "ectAbsenceFirstWeek",
            "ectAbsenceFirstWeekDummy",
            "ectAbsenceHalfDayHider",
            "ectAbsenceHasLeave",
            "ectAbsenceHoliday",
            "ectAbsenceHolidayClassFull",
            "ectAbsenceLastWeek",
            "ectAbsenceLastWeekDummy",
            "ectAbsenceMonthTitle",
            "ectAbsenceNext",
            "ectAbsencePendingLeave",
            "ectAbsencePrevious",
            "ectAbsenceSaturday",
            "ectAbsenceStartOfMonth",
            "ectAbsenceSunday",
            "ectAbsenceTimetype",
            "ectAbsenceWeekDay",
            "ectAbsenceWeekEnd",
            "ectCalendarDateBoxHolidayAsterisk",
            "ectCalendarDayBackground",
            "ectCalendarView",
            "ectCalendarViewSpacer",
            "ectCheckBox",
            "ectDataGrid",
            "ectFCBody",
            "ectFCTopHeader",
            "ectFormContainer",
            "ectFormFieldBorder",
            "ectFormFieldFocusMark",
            "ectTextArea",
            "ectTextAreaWrapper",
            "eduViewNavigation",
            "errorWrapper",
            "even",
            "fieldWithOldValue",
            "field_label",
            "field_value",
            "formElement",
            "form_field",
            "freeInputContainer",
            "freeInputUnitLabel",
            "globalArrowColor",
            "globalContainer",
            "globalCopyright",
            "globalFloatLeft",
            "globalFloatRight",
            "globalFooter",
            "globalHeader",
            "globalHeaderBar",
            "globalHeaderContainerWidthBackground",
            "globalHeaderFullWidthBackground",
            "globalHeaderHeight",
            "globalHeaderText",
            "globalIconFont",
            "globalIconFontSupport",
            "globalLighting",
            "globalLogo",
            "globalLogoImage",
            "globalNavigation",
            "globalNavigationActiveItem",
            "globalNavigationContainer",
            "globalNavigationItem",
            "globalPageTitle",
            "globalPlacemat",
            "globalPlacematNavigationText",
            "globalPlacematText",
            "globalPortletBody",
            "globalPortletHeader",
            "globalPrimaryButton",
            "globalRoundedCorners",
            "globalRoundedCornersXSmall",
            "globalSecondaryButton",
            "globalToolbarIcon",
            "globalUploadedLogoImage",
            "gridColumn",
            "headerTakeAction",
            "helpLink",
            "hiddenAriaContent",
            "hide",
            "hideDurationFields",
            "hideScrollbar",
            "hourInputLoading",
            "imageFadeIn",
            "imgPreloader",
            "infoTAOverviewIcon",
            "infoWrapper",
            "inputMethodDropDown",
            "inputMethodFree",
            "inputMethodHHMM",
            "jobTitle",
            "label",
            "last",
            "layoutFieldsContainer",
            "layoutTable",
            "legacyFontIcon",
            "limitMarker",
            "limiterWrapper",
            "link",
            "location",
            "magImage",
            "markFrame",
            "markLength",
            "markWrapper",
            "nameContainer",
            "navMenuText",
            "noCommentSection",
            "noTitle",
            "normalVision",
            "notifcationOuterContainer",
            "odd",
            "overviewListContainer",
            "overviewRoundedCornerHeader",
            "photowrap",
            "pictureContainer",
            "placematIcons",
            "portletCalendar",
            "portletNoHeader",
            "portletReadModeBG",
            "readComp",
            "readMode",
            "read_only",
            "readonly",
            "redText",
            "requiredAsterix",
            "requiredIndicator",
            "rev-field",
            "rev-rounded-corner",
            "rev-scratch-pad",
            "revolutionPanel",
            "row",
            "sapMBar",
            "sapMBar-CTX",
            "sapMBarChild",
            "sapMBarContainer",
            "sapMBarLeft",
            "sapMBarMiddle",
            "sapMBarPH",
            "sapMBarRight",
            "sapMBtn",
            "sapMBtnBase",
            "sapMBtnContent",
            "sapMBtnCustomIcon",
            "sapMBtnDefault",
            "sapMBtnHoverable",
            "sapMBtnIcon",
            "sapMBtnIconFirst",
            "sapMBtnIconLast",
            "sapMBtnIconLeft",
            "sapMBtnIconRight",
            "sapMBtnInner",
            "sapMBtnText",
            "sapMFocusable",
            "sapMHeader-CTX",
            "sapMIBar",
            "sapMIBar-CTX",
            "sapMImg",
            "sapMImgFocusable",
            "sapMLnkMaxWidth",
            "sapMPointer",
            "sapMSF",
            "sapMSFB",
            "sapMSFF",
            "sapMSFI",
            "sapMSFNS",
            "sapMSFR",
            "sapMTB",
            "sapMTB-Auto-CTX",
            "sapMTBInactive",
            "sapMTBNewFlex",
            "sapMTBStandard",
            "sapMText",
            "sapMTextBreakWord",
            "sapMTextMaxWidth",
            "sapUiForcedHidden",
            "sapUiHidden",
            "sapUiHiddenPlaceholder",
            "sapUiIcon",
            "sapUiIconMirrorInRTL",
            "sapUiInvisibleText",
            "sapUiJSView",
            "sapUiSelectable",
            "sapUiView",
            "selectText",
            "sfFocusMarker",
            "sfLoadingContainerSm",
            "sfPhotoBox",
            "sfPhotoBoxAbs",
            "sfPhotoPortraitSmall",
            "sfRevolutionTopNavigationMobile",
            "sfTriangle",
            "showLastRow",
            "showMeBtn",
            "showTeamAbsenceCalendar",
            "showme_icon",
            "struck_label",
            "sub-nav-container",
            "surjContainer",
            "surjNotificationBtn",
            "surjNotificationWrapper",
            "surjSubTabBar",
            "surjSubTabItem",
            "surjTodoButton",
            "surjTopNav",
            "surjTopNavHeaderBar",
            "surjTopNavHomeButton",
            "surjTopNavTitle",
            "surjUserPhoto",
            "surjUserPhotoCircle",
            "surjUserPhotoImg",
            "surjUserPhotoInner",
            "surjUserPhotoName",
            "surjUserPhotoName-EAST",
            "surjUserPhotoWrapper",
            "surjUtilityLinksMenu",
            "tableHeader",
            "teamCalendarPortlet",
            "text",
            "textBox",
            "textarea",
            "timeOffTitle",
            "timetype",
            "tlmCustomFields",
            "tlmCustomFieldsData",
            "tlmMessageArea",
            "tlmMessageBox",
            "tlmReportAbsenceFormComment",
            "tlmTTSelDays",
            "tlmTTSelHours",
            "tlmTimeSelectContainer",
            "tlmTimeTypeSelectButton",
            "tlmTimeTypeSelectButtonContainer",
            "tlmTimeTypeSelectButtonText",
            "tlmTimeTypeSelectionContainer",
            "tlmTimeTypeSelectionContainerCenter",
            "tlmTimetypeSelectDateArea",
            "toggle",
            "tsDurationFields",
            "tsSingleInput",
            "tsTimeFieldContainerMultipleFields",
            "tsTimeFieldContainerSingleField",
            "uploadFile",
            "userDataContainer",
            "userInfoHeaderWrapper",
            "userInfoText",
            "warningContainer",
            "warningText",
            "white",
            "writeComp",
            "writeFieldBlank",
            "writeFieldChange",
            "writeFieldUnchange"
          ],
          [
            "ECTAbsenceType",
            "ECTFormLayout",
            "ECTGridLayout",
            "MDFReadWriteForm",
            "absCreateFormContainer",
            "absenceCalendarContainer",
            "absenceCalshadowBottom",
            "absenceCalshadowTop",
            "absenceCommentContainer",
            "absenceCommentItem",
            "absenceCommentSection",
            "absenceInfo",
            "absenceInformationSection",
            "absenceItem",
            "absenceItemContainer",
            "absenceItemDevider",
            "absenceItemWithDetailsView",
            "absenceMainInfo",
            "absenceOverviewContainer",
            "absencePage",
            "absenceStatus",
            "absenceStatusInfo",
            "absenceTitle",
            "active",
            "alterRow",
            "approver",
            "aquabtn",
            "attachment_lg",
            "balanceAsOf",
            "balanceTitle",
            "baseLayout",
            "bizXDesktopOnly",
            "bizXDisableMobile",
            "bizXMobileOnly",
            "bizXSF",
            "bizXSFB",
            "bizXSFSI",
            "bizXSFTT",
            "bizXShellDropMenuButton",
            "blindnessDisabled",
            "bottom",
            "buttonBar",
            "buttonContainer",
            "buttonContainerButtons",
            "buttonDefault",
            "buttonset",
            "calendarComp",
            "calendarIcon",
            "candidate_summary",
            "cell",
            "center_align",
            "clearIcon",
            "comboBox",
            "commentLink",
            "commentLinkIcon",
            "company-logo",
            "copyright",
            "dataGridLayout",
            "dateField",
            "dateNav",
            "directionbottom",
            "disabled",
            "dummy",
            "ectAbsenceClearSelection",
            "ectAbsenceDateBox",
            "ectAbsenceDayDate",
            "ectAbsenceDayName",
            "ectAbsenceFirstWeek",
            "ectAbsenceFirstWeekDummy",
            "ectAbsenceHalfDayHider",
            "ectAbsenceHasLeave",
            "ectAbsenceHoliday",
            "ectAbsenceHolidayClassFull",
            "ectAbsenceLastWeek",
            "ectAbsenceLastWeekDummy",
            "ectAbsenceMonthTitle",
            "ectAbsenceNext",
            "ectAbsencePendingFirstLastItem",
            "ectAbsencePendingLeave",
            "ectAbsencePrevious",
            "ectAbsenceSaturday",
            "ectAbsenceStartOfMonth",
            "ectAbsenceSunday",
            "ectAbsenceTimetype",
            "ectAbsenceWeekDay",
            "ectAbsenceWeekEnd",
            "ectCalendarDateBoxHolidayAsterisk",
            "ectCalendarDayBackground",
            "ectCalendarView",
            "ectCalendarViewSpacer",
            "ectCheckBox",
            "ectDataGrid",
            "ectFCBody",
            "ectFCTopHeader",
            "ectFieldhide",
            "ectFieldshow",
            "ectFormContainer",
            "ectFormFieldBorder",
            "ectFormFieldFocusMark",
            "ectTextArea",
            "ectTextAreaWrapper",
            "eduViewNavigation",
            "errorMessageItem",
            "errorWrapper",
            "even",
            "fieldWithOldValue",
            "field_label",
            "field_value",
            "formElement",
            "form_field",
            "freeInputContainer",
            "freeInputUnitLabel",
            "globalArrowColor",
            "globalContainer",
            "globalCopyright",
            "globalFloatLeft",
            "globalFloatRight",
            "globalFooter",
            "globalHeader",
            "globalHeaderBar",
            "globalHeaderContainerWidthBackground",
            "globalHeaderFullWidthBackground",
            "globalHeaderHeight",
            "globalHeaderText",
            "globalIconFont",
            "globalIconFontSupport",
            "globalLighting",
            "globalLogo",
            "globalLogoImage",
            "globalNavigation",
            "globalNavigationActiveItem",
            "globalNavigationContainer",
            "globalNavigationItem",
            "globalPageTitle",
            "globalPlacemat",
            "globalPlacematNavigationText",
            "globalPlacematText",
            "globalPortletBody",
            "globalPortletHeader",
            "globalPrimaryButton",
            "globalRoundedCorners",
            "globalRoundedCornersXSmall",
            "globalSecondaryButton",
            "globalToolbarIcon",
            "globalUploadedLogoImage",
            "gridColumn",
            "headerTakeAction",
            "helpLink",
            "hiddenAriaContent",
            "hide",
            "hideDurationFields",
            "hideScrollbar",
            "hourInputLoading",
            "imageFadeIn",
            "imgPreloader",
            "infoTAOverviewIcon",
            "infoWrapper",
            "inputMethodDropDown",
            "inputMethodFree",
            "inputMethodHHMM",
            "jobTitle",
            "label",
            "last",
            "layoutFieldsContainer",
            "layoutTable",
            "legacyFontIcon",
            "limitMarker",
            "limiterWrapper",
            "link",
            "location",
            "magImage",
            "markFrame",
            "markLength",
            "markWrapper",
            "nameContainer",
            "navMenuText",
            "noCommentSection",
            "noTitle",
            "normalVision",
            "notifcationOuterContainer",
            "odd",
            "overviewListContainer",
            "overviewRoundedCornerHeader",
            "photowrap",
            "pictureContainer",
            "placematIcons",
            "portletCalendar",
            "portletNoHeader",
            "portletReadModeBG",
            "readComp",
            "readMode",
            "read_only",
            "readonly",
            "redText",
            "removeTAC",
            "requiredAsterix",
            "requiredIndicator",
            "rev-field",
            "rev-rounded-corner",
            "rev-scratch-pad",
            "revolutionPanel",
            "row",
            "sapMBar",
            "sapMBar-CTX",
            "sapMBarChild",
            "sapMBarContainer",
            "sapMBarLeft",
            "sapMBarMiddle",
            "sapMBarPH",
            "sapMBarRight",
            "sapMBtn",
            "sapMBtnBase",
            "sapMBtnContent",
            "sapMBtnCustomIcon",
            "sapMBtnDefault",
            "sapMBtnHoverable",
            "sapMBtnIcon",
            "sapMBtnIconFirst",
            "sapMBtnIconLast",
            "sapMBtnIconLeft",
            "sapMBtnIconRight",
            "sapMBtnInner",
            "sapMBtnText",
            "sapMFocusable",
            "sapMHeader-CTX",
            "sapMIBar",
            "sapMIBar-CTX",
            "sapMImg",
            "sapMImgFocusable",
            "sapMLnkMaxWidth",
            "sapMPointer",
            "sapMSF",
            "sapMSFB",
            "sapMSFF",
            "sapMSFI",
            "sapMSFNS",
            "sapMSFR",
            "sapMTB",
            "sapMTB-Auto-CTX",
            "sapMTBInactive",
            "sapMTBNewFlex",
            "sapMTBStandard",
            "sapMText",
            "sapMTextBreakWord",
            "sapMTextMaxWidth",
            "sapUiForcedHidden",
            "sapUiHidden",
            "sapUiHiddenPlaceholder",
            "sapUiIcon",
            "sapUiIconMirrorInRTL",
            "sapUiInvisibleText",
            "sapUiJSView",
            "sapUiSelectable",
            "sapUiView",
            "selectText",
            "sfFocusMarker",
            "sfLoadingContainerSm",
            "sfOverlayMgr",
            "sfPhotoBox",
            "sfPhotoBoxAbs",
            "sfPhotoPortraitSmall",
            "sfRevolutionTopNavigationMobile",
            "sfTriangle",
            "show",
            "showLastRow",
            "showMeBtn",
            "showTeamAbsenceCalendar",
            "showme_icon",
            "struck_label",
            "sub-nav-container",
            "surjContainer",
            "surjNotificationBtn",
            "surjNotificationWrapper",
            "surjSubTabBar",
            "surjSubTabItem",
            "surjTodoButton",
            "surjTopNav",
            "surjTopNavHeaderBar",
            "surjTopNavHomeButton",
            "surjTopNavTitle",
            "surjUserPhoto",
            "surjUserPhotoCircle",
            "surjUserPhotoImg",
            "surjUserPhotoInner",
            "surjUserPhotoName",
            "surjUserPhotoName-EAST",
            "surjUserPhotoWrapper",
            "surjUtilityLinksMenu",
            "tableHeader",
            "teamCalendarPortlet",
            "text",
            "textBox",
            "textarea",
            "timeOffTitle",
            "timetype",
            "timetypeSelected",
            "tlmCustomFields",
            "tlmCustomFieldsData",
            "tlmMessageArea",
            "tlmMessageBox",
            "tlmMessageBoxIcon",
            "tlmReportAbsenceFormComment",
            "tlmTTSelDays",
            "tlmTTSelHours",
            "tlmTimeSelectContainer",
            "tlmTimeTypeSelectButton",
            "tlmTimeTypeSelectButtonContainer",
            "tlmTimeTypeSelectButtonText",
            "tlmTimeTypeSelectionContainer",
            "tlmTimeTypeSelectionContainerCenter",
            "tlmTimetypeSelectDateArea",
            "toggle",
            "tsDurationFields",
            "tsSingleInput",
            "tsTimeFieldContainerMultipleFields",
            "tsTimeFieldContainerSingleField",
            "uploadFile",
            "userDataContainer",
            "userInfoHeaderWrapper",
            "userInfoText",
            "warningContainer",
            "warningText",
            "white",
            "writeComp",
            "writeFieldBlank",
            "writeFieldChange",
            "writeFieldUnchange"
          ],
          [
            "ECTAbsenceType",
            "ECTFormLayout",
            "ECTGridLayout",
            "MDFReadWriteForm",
            "absCreateFormContainer",
            "absenceCalendarContainer",
            "absenceCalshadowBottom",
            "absenceCalshadowTop",
            "absenceCommentContainer",
            "absenceCommentItem",
            "absenceCommentSection",
            "absenceInfo",
            "absenceInformationSection",
            "absenceItem",
            "absenceItemContainer",
            "absenceItemDevider",
            "absenceItemWithDetailsView",
            "absenceMainInfo",
            "absenceOverviewContainer",
            "absencePage",
            "absenceStatus",
            "absenceStatusInfo",
            "absenceTitle",
            "active",
            "alterRow",
            "approver",
            "aquabtn",
            "attachment_lg",
            "balanceAsOf",
            "balanceTitle",
            "baseLayout",
            "bizXDesktopOnly",
            "bizXDisableMobile",
            "bizXMobileOnly",
            "bizXSF",
            "bizXSFB",
            "bizXSFSI",
            "bizXSFTT",
            "bizXShellDropMenuButton",
            "blindnessDisabled",
            "bottom",
            "buttonBar",
            "buttonContainer",
            "buttonContainerButtons",
            "buttonDefault",
            "buttonset",
            "calendarComp",
            "calendarIcon",
            "candidate_summary",
            "cell",
            "center_align",
            "clearIcon",
            "comboBox",
            "commentLink",
            "commentLinkIcon",
            "company-logo",
            "copyright",
            "dataGridLayout",
            "dateField",
            "dateNav",
            "directionbottom",
            "disabled",
            "dummy",
            "ectAbsenceClearSelection",
            "ectAbsenceDateBox",
            "ectAbsenceDayDate",
            "ectAbsenceDayName",
            "ectAbsenceFirstWeek",
            "ectAbsenceFirstWeekDummy",
            "ectAbsenceHalfDayHider",
            "ectAbsenceHasLeave",
            "ectAbsenceHoliday",
            "ectAbsenceHolidayClassFull",
            "ectAbsenceLastWeek",
            "ectAbsenceLastWeekDummy",
            "ectAbsenceMonthTitle",
            "ectAbsenceNext",
            "ectAbsencePendingLeave",
            "ectAbsencePrevious",
            "ectAbsenceSaturday",
            "ectAbsenceStartOfMonth",
            "ectAbsenceSunday",
            "ectAbsenceTimetype",
            "ectAbsenceWeekDay",
            "ectAbsenceWeekEnd",
            "ectCalendarDateBoxHolidayAsterisk",
            "ectCalendarDayBackground",
            "ectCalendarView",
            "ectCalendarViewSpacer",
            "ectCheckBox",
            "ectDataGrid",
            "ectFCBody",
            "ectFCTopHeader",
            "ectFormContainer",
            "ectFormFieldBorder",
            "ectFormFieldFocusMark",
            "ectTextArea",
            "ectTextAreaWrapper",
            "eduViewNavigation",
            "errorWrapper",
            "even",
            "fieldWithOldValue",
            "field_label",
            "field_value",
            "formElement",
            "form_field",
            "freeInputContainer",
            "freeInputUnitLabel",
            "globalArrowColor",
            "globalContainer",
            "globalCopyright",
            "globalFloatLeft",
            "globalFloatRight",
            "globalFooter",
            "globalHeader",
            "globalHeaderBar",
            "globalHeaderContainerWidthBackground",
            "globalHeaderFullWidthBackground",
            "globalHeaderHeight",
            "globalHeaderText",
            "globalIconFont",
            "globalIconFontSupport",
            "globalLighting",
            "globalLogo",
            "globalLogoImage",
            "globalNavigation",
            "globalNavigationActiveItem",
            "globalNavigationContainer",
            "globalNavigationItem",
            "globalPageTitle",
            "globalPlacemat",
            "globalPlacematNavigationText",
            "globalPlacematText",
            "globalPortletBody",
            "globalPortletHeader",
            "globalPrimaryButton",
            "globalRoundedCorners",
            "globalRoundedCornersXSmall",
            "globalSecondaryButton",
            "globalToolbarIcon",
            "globalUploadedLogoImage",
            "gridColumn",
            "headerTakeAction",
            "helpLink",
            "hiddenAriaContent",
            "hide",
            "hideDurationFields",
            "hideScrollbar",
            "hourInputLoading",
            "imageFadeIn",
            "imgPreloader",
            "infoTAOverviewIcon",
            "infoWrapper",
            "inputMethodDropDown",
            "inputMethodFree",
            "inputMethodHHMM",
            "jobTitle",
            "label",
            "last",
            "layoutFieldsContainer",
            "layoutTable",
            "legacyFontIcon",
            "limitMarker",
            "limiterWrapper",
            "link",
            "location",
            "magImage",
            "markFrame",
            "markLength",
            "markWrapper",
            "nameContainer",
            "navMenuText",
            "noCommentSection",
            "noTitle",
            "normalVision",
            "notifcationOuterContainer",
            "odd",
            "overviewListContainer",
            "overviewRoundedCornerHeader",
            "photowrap",
            "pictureContainer",
            "placematIcons",
            "portletCalendar",
            "portletNoHeader",
            "portletReadModeBG",
            "readComp",
            "readMode",
            "read_only",
            "readonly",
            "redText",
            "requiredAsterix",
            "requiredIndicator",
            "rev-field",
            "rev-rounded-corner",
            "rev-scratch-pad",
            "revolutionPanel",
            "row",
            "sapMBar",
            "sapMBar-CTX",
            "sapMBarChild",
            "sapMBarContainer",
            "sapMBarLeft",
            "sapMBarMiddle",
            "sapMBarPH",
            "sapMBarRight",
            "sapMBtn",
            "sapMBtnBase",
            "sapMBtnContent",
            "sapMBtnCustomIcon",
            "sapMBtnDefault",
            "sapMBtnHoverable",
            "sapMBtnIcon",
            "sapMBtnIconFirst",
            "sapMBtnIconLast",
            "sapMBtnIconLeft",
            "sapMBtnIconRight",
            "sapMBtnInner",
            "sapMBtnText",
            "sapMFocusable",
            "sapMHeader-CTX",
            "sapMIBar",
            "sapMIBar-CTX",
            "sapMImg",
            "sapMImgFocusable",
            "sapMLnkMaxWidth",
            "sapMPointer",
            "sapMSF",
            "sapMSFB",
            "sapMSFF",
            "sapMSFI",
            "sapMSFNS",
            "sapMSFR",
            "sapMTB",
            "sapMTB-Auto-CTX",
            "sapMTBInactive",
            "sapMTBNewFlex",
            "sapMTBStandard",
            "sapMText",
            "sapMTextBreakWord",
            "sapMTextMaxWidth",
            "sapUiForcedHidden",
            "sapUiHidden",
            "sapUiHiddenPlaceholder",
            "sapUiIcon",
            "sapUiIconMirrorInRTL",
            "sapUiInvisibleText",
            "sapUiJSView",
            "sapUiSelectable",
            "sapUiView",
            "selectText",
            "sfFocusMarker",
            "sfLoadingContainerSm",
            "sfOverlayMgr",
            "sfPhotoBox",
            "sfPhotoBoxAbs",
            "sfPhotoPortraitSmall",
            "sfRevolutionTopNavigationMobile",
            "sfTriangle",
            "showLastRow",
            "showMeBtn",
            "showTeamAbsenceCalendar",
            "showme_icon",
            "struck_label",
            "sub-nav-container",
            "surjContainer",
            "surjNotificationBtn",
            "surjNotificationWrapper",
            "surjSubTabBar",
            "surjSubTabItem",
            "surjTodoButton",
            "surjTopNav",
            "surjTopNavHeaderBar",
            "surjTopNavHomeButton",
            "surjTopNavTitle",
            "surjUserPhoto",
            "surjUserPhotoCircle",
            "surjUserPhotoImg",
            "surjUserPhotoInner",
            "surjUserPhotoName",
            "surjUserPhotoName-EAST",
            "surjUserPhotoWrapper",
            "surjUtilityLinksMenu",
            "tableHeader",
            "teamCalendarPortlet",
            "text",
            "textBox",
            "textarea",
            "timeOffTitle",
            "timetype",
            "tlmCustomFields",
            "tlmCustomFieldsData",
            "tlmMessageArea",
            "tlmMessageBox",
            "tlmReportAbsenceFormComment",
            "tlmTTSelDays",
            "tlmTTSelHours",
            "tlmTimeSelectContainer",
            "tlmTimeTypeSelectButton",
            "tlmTimeTypeSelectButtonContainer",
            "tlmTimeTypeSelectButtonText",
            "tlmTimeTypeSelectionContainer",
            "tlmTimeTypeSelectionContainerCenter",
            "tlmTimetypeSelectDateArea",
            "toggle",
            "tsDurationFields",
            "tsSingleInput",
            "tsTimeFieldContainerMultipleFields",
            "tsTimeFieldContainerSingleField",
            "uploadFile",
            "userDataContainer",
            "userInfoHeaderWrapper",
            "userInfoText",
            "warningContainer",
            "warningText",
            "white",
            "writeComp",
            "writeFieldBlank",
            "writeFieldChange",
            "writeFieldUnchange"
          ],
          [
            "ECTAbsenceType",
            "ECTFormLayout",
            "ECTGridLayout",
            "MDFReadWriteForm",
            "absCreateFormContainer",
            "absenceCalendarContainer",
            "absenceCalshadowBottom",
            "absenceCalshadowTop",
            "absenceCommentContainer",
            "absenceCommentItem",
            "absenceCommentSection",
            "absenceInfo",
            "absenceInformationSection",
            "absenceItem",
            "absenceItemContainer",
            "absenceItemDevider",
            "absenceItemWithDetailsView",
            "absenceMainInfo",
            "absenceOverviewContainer",
            "absencePage",
            "absenceStatus",
            "absenceStatusInfo",
            "absenceTitle",
            "active",
            "alterRow",
            "approver",
            "aquabtn",
            "attachment_lg",
            "balanceAsOf",
            "balanceTitle",
            "baseLayout",
            "bizXDesktopOnly",
            "bizXDisableMobile",
            "bizXMobileOnly",
            "bizXSF",
            "bizXSFB",
            "bizXSFSI",
            "bizXSFTT",
            "bizXShellDropMenuButton",
            "blindnessDisabled",
            "bottom",
            "buttonBar",
            "buttonContainer",
            "buttonContainerButtons",
            "buttonDefault",
            "buttonset",
            "calendarComp",
            "calendarIcon",
            "candidate_summary",
            "cell",
            "center_align",
            "clearIcon",
            "comboBox",
            "commentLink",
            "commentLinkIcon",
            "company-logo",
            "copyright",
            "dataGridLayout",
            "dateField",
            "dateNav",
            "directionbottom",
            "disabled",
            "dummy",
            "ectAbsenceApprovedLeave",
            "ectAbsenceClearSelection",
            "ectAbsenceDateBox",
            "ectAbsenceDayDate",
            "ectAbsenceDayName",
            "ectAbsenceFirstWeek",
            "ectAbsenceFirstWeekDummy",
            "ectAbsenceHalfDayHider",
            "ectAbsenceHasLeave",
            "ectAbsenceHoliday",
            "ectAbsenceHolidayClassFull",
            "ectAbsenceLastWeek",
            "ectAbsenceLastWeekDummy",
            "ectAbsenceMonthTitle",
            "ectAbsenceNext",
            "ectAbsencePendingLeave",
            "ectAbsencePrevious",
            "ectAbsenceSaturday",
            "ectAbsenceStartOfMonth",
            "ectAbsenceSunday",
            "ectAbsenceTimetype",
            "ectAbsenceWeekDay",
            "ectAbsenceWeekEnd",
            "ectCalendarDateBoxHolidayAsterisk",
            "ectCalendarDayBackground",
            "ectCalendarView",
            "ectCalendarViewSpacer",
            "ectCheckBox",
            "ectDataGrid",
            "ectFCBody",
            "ectFCTopHeader",
            "ectFormContainer",
            "ectFormFieldBorder",
            "ectFormFieldFocusMark",
            "ectTextArea",
            "ectTextAreaWrapper",
            "eduViewNavigation",
            "errorWrapper",
            "even",
            "fieldWithOldValue",
            "field_label",
            "field_value",
            "formElement",
            "form_field",
            "freeInputContainer",
            "freeInputUnitLabel",
            "globalArrowColor",
            "globalContainer",
            "globalCopyright",
            "globalFloatLeft",
            "globalFloatRight",
            "globalFooter",
            "globalHeader",
            "globalHeaderBar",
            "globalHeaderContainerWidthBackground",
            "globalHeaderFullWidthBackground",
            "globalHeaderHeight",
            "globalHeaderText",
            "globalIconFont",
            "globalIconFontSupport",
            "globalLighting",
            "globalLogo",
            "globalLogoImage",
            "globalNavigation",
            "globalNavigationActiveItem",
            "globalNavigationContainer",
            "globalNavigationItem",
            "globalPageTitle",
            "globalPlacemat",
            "globalPlacematNavigationText",
            "globalPlacematText",
            "globalPortletBody",
            "globalPortletHeader",
            "globalPrimaryButton",
            "globalRoundedCorners",
            "globalRoundedCornersXSmall",
            "globalSecondaryButton",
            "globalToolbarIcon",
            "globalUploadedLogoImage",
            "gridColumn",
            "headerTakeAction",
            "helpLink",
            "hiddenAriaContent",
            "hide",
            "hideDurationFields",
            "hideScrollbar",
            "hourInputLoading",
            "imageFadeIn",
            "imgPreloader",
            "infoTAOverviewIcon",
            "infoWrapper",
            "inputMethodDropDown",
            "inputMethodFree",
            "inputMethodHHMM",
            "jobTitle",
            "label",
            "last",
            "layoutFieldsContainer",
            "layoutTable",
            "legacyFontIcon",
            "limitMarker",
            "limiterWrapper",
            "link",
            "location",
            "magImage",
            "markFrame",
            "markLength",
            "markWrapper",
            "nameContainer",
            "navMenuText",
            "noCommentSection",
            "noTitle",
            "normalVision",
            "notifcationOuterContainer",
            "odd",
            "overviewListContainer",
            "overviewRoundedCornerHeader",
            "photowrap",
            "pictureContainer",
            "placematIcons",
            "portletCalendar",
            "portletNoHeader",
            "portletReadModeBG",
            "readComp",
            "readMode",
            "read_only",
            "readonly",
            "redText",
            "requiredAsterix",
            "requiredIndicator",
            "rev-field",
            "rev-rounded-corner",
            "rev-scratch-pad",
            "revolutionPanel",
            "row",
            "sapMBar",
            "sapMBar-CTX",
            "sapMBarChild",
            "sapMBarContainer",
            "sapMBarLeft",
            "sapMBarMiddle",
            "sapMBarPH",
            "sapMBarRight",
            "sapMBtn",
            "sapMBtnBase",
            "sapMBtnContent",
            "sapMBtnCustomIcon",
            "sapMBtnDefault",
            "sapMBtnHoverable",
            "sapMBtnIcon",
            "sapMBtnIconFirst",
            "sapMBtnIconLast",
            "sapMBtnIconLeft",
            "sapMBtnIconRight",
            "sapMBtnInner",
            "sapMBtnText",
            "sapMFocusable",
            "sapMHeader-CTX",
            "sapMIBar",
            "sapMIBar-CTX",
            "sapMImg",
            "sapMImgFocusable",
            "sapMLnkMaxWidth",
            "sapMPointer",
            "sapMSF",
            "sapMSFB",
            "sapMSFF",
            "sapMSFI",
            "sapMSFNS",
            "sapMSFR",
            "sapMTB",
            "sapMTB-Auto-CTX",
            "sapMTBInactive",
            "sapMTBNewFlex",
            "sapMTBStandard",
            "sapMText",
            "sapMTextBreakWord",
            "sapMTextMaxWidth",
            "sapUiForcedHidden",
            "sapUiHidden",
            "sapUiHiddenPlaceholder",
            "sapUiIcon",
            "sapUiIconMirrorInRTL",
            "sapUiInvisibleText",
            "sapUiJSView",
            "sapUiSelectable",
            "sapUiView",
            "selectText",
            "sfFocusMarker",
            "sfLoadingContainerSm",
            "sfOverlayMgr",
            "sfPhotoBox",
            "sfPhotoBoxAbs",
            "sfPhotoPortraitSmall",
            "sfRevolutionTopNavigationMobile",
            "sfTriangle",
            "showLastRow",
            "showMeBtn",
            "showTeamAbsenceCalendar",
            "showme_icon",
            "struck_label",
            "sub-nav-container",
            "surjContainer",
            "surjNotificationBtn",
            "surjNotificationWrapper",
            "surjSubTabBar",
            "surjSubTabItem",
            "surjTodoButton",
            "surjTopNav",
            "surjTopNavHeaderBar",
            "surjTopNavHomeButton",
            "surjTopNavTitle",
            "surjUserPhoto",
            "surjUserPhotoCircle",
            "surjUserPhotoImg",
            "surjUserPhotoInner",
            "surjUserPhotoName",
            "surjUserPhotoName-EAST",
            "surjUserPhotoWrapper",
            "surjUtilityLinksMenu",
            "tableHeader",
            "teamCalendarPortlet",
            "text",
            "textBox",
            "textarea",
            "timeOffTitle",
            "timetype",
            "tlmCustomFields",
            "tlmCustomFieldsData",
            "tlmMessageArea",
            "tlmMessageBox",
            "tlmReportAbsenceFormComment",
            "tlmTTSelDays",
            "tlmTTSelHours",
            "tlmTimeSelectContainer",
            "tlmTimeTypeSelectButton",
            "tlmTimeTypeSelectButtonContainer",
            "tlmTimeTypeSelectButtonText",
            "tlmTimeTypeSelectionContainer",
            "tlmTimeTypeSelectionContainerCenter",
            "tlmTimetypeSelectDateArea",
            "toggle",
            "tsDurationFields",
            "tsSingleInput",
            "tsTimeFieldContainerMultipleFields",
            "tsTimeFieldContainerSingleField",
            "uploadFile",
            "userDataContainer",
            "userInfoHeaderWrapper",
            "userInfoText",
            "warningContainer",
            "warningText",
            "white",
            "writeComp",
            "writeFieldBlank",
            "writeFieldChange",
            "writeFieldUnchange"
          ],
          [
            "ECTFormLayout",
            "ECTGridLayout",
            "MDFReadWriteForm",
            "absCreateFormContainer",
            "absenceCalendarContainer",
            "absenceCalshadowBottom",
            "absenceCalshadowTop",
            "absenceCommentContainer",
            "absenceCommentItem",
            "absenceCommentSection",
            "absenceInfo",
            "absenceInformationSection",
            "absenceItem",
            "absenceItemContainer",
            "absenceItemDevider",
            "absenceItemWithDetailsView",
            "absenceMainInfo",
            "absenceOverviewContainer",
            "absencePage",
            "absenceStatus",
            "absenceStatusInfo",
            "absenceTitle",
            "active",
            "alterRow",
            "approver",
            "aquabtn",
            "attachment_lg",
            "balanceAsOf",
            "balanceTitle",
            "baseLayout",
            "bizXDesktopOnly",
            "bizXDisableMobile",
            "bizXMobileOnly",
            "bizXSF",
            "bizXSFB",
            "bizXSFSI",
            "bizXSFTT",
            "bizXShellDropMenuButton",
            "blindnessDisabled",
            "bottom",
            "buttonBar",
            "buttonContainer",
            "buttonContainerButtons",
            "buttonDefault",
            "buttonset",
            "calendarComp",
            "calendarIcon",
            "candidate_summary",
            "cell",
            "center_align",
            "clearIcon",
            "comboBox",
            "commentLink",
            "commentLinkIcon",
            "company-logo",
            "copyright",
            "dataGridLayout",
            "dateField",
            "dateNav",
            "directionbottom",
            "disabled",
            "dummy",
            "ectAbsenceClearSelection",
            "ectAbsenceDateBox",
            "ectAbsenceDayDate",
            "ectAbsenceDayName",
            "ectAbsenceFirstWeek",
            "ectAbsenceFirstWeekDummy",
            "ectAbsenceHalfDayHider",
            "ectAbsenceHasLeave",
            "ectAbsenceHoliday",
            "ectAbsenceHolidayClassFull",
            "ectAbsenceLastWeek",
            "ectAbsenceLastWeekDummy",
            "ectAbsenceMonthTitle",
            "ectAbsenceNext",
            "ectAbsencePendingLeave",
            "ectAbsencePrevious",
            "ectAbsenceSaturday",
            "ectAbsenceStartOfMonth",
            "ectAbsenceSunday",
            "ectAbsenceTimetype",
            "ectAbsenceWeekDay",
            "ectAbsenceWeekEnd",
            "ectCalendarDateBoxHolidayAsterisk",
            "ectCalendarDayBackground",
            "ectCalendarView",
            "ectCalendarViewSpacer",
            "ectCheckBox",
            "ectDataGrid",
            "ectFCBody",
            "ectFCTopHeader",
            "ectFieldhide",
            "ectFieldshow",
            "ectFormContainer",
            "ectFormFieldBorder",
            "ectFormFieldFocusMark",
            "ectTextArea",
            "ectTextAreaWrapper",
            "eduViewNavigation",
            "errorMessageItem",
            "errorWrapper",
            "even",
            "fieldWithOldValue",
            "field_label",
            "field_value",
            "formElement",
            "form_field",
            "freeInputContainer",
            "freeInputUnitLabel",
            "globalArrowColor",
            "globalContainer",
            "globalCopyright",
            "globalFloatLeft",
            "globalFloatRight",
            "globalFooter",
            "globalHeader",
            "globalHeaderBar",
            "globalHeaderContainerWidthBackground",
            "globalHeaderFullWidthBackground",
            "globalHeaderHeight",
            "globalHeaderText",
            "globalIconFont",
            "globalIconFontSupport",
            "globalLighting",
            "globalLogo",
            "globalLogoImage",
            "globalNavigation",
            "globalNavigationActiveItem",
            "globalNavigationContainer",
            "globalNavigationItem",
            "globalPageTitle",
            "globalPlacemat",
            "globalPlacematNavigationText",
            "globalPlacematText",
            "globalPortletBody",
            "globalPortletHeader",
            "globalPrimaryButton",
            "globalRoundedCorners",
            "globalRoundedCornersXSmall",
            "globalSecondaryButton",
            "globalToolbarIcon",
            "globalUploadedLogoImage",
            "gridColumn",
            "headerTakeAction",
            "helpLink",
            "hiddenAriaContent",
            "hide",
            "hideDurationFields",
            "hideScrollbar",
            "hourInputLoading",
            "imageFadeIn",
            "imgPreloader",
            "infoTAOverviewIcon",
            "infoWrapper",
            "inputMethodDropDown",
            "inputMethodFree",
            "inputMethodHHMM",
            "jobTitle",
            "label",
            "last",
            "layoutFieldsContainer",
            "layoutTable",
            "legacyFontIcon",
            "limitMarker",
            "limiterWrapper",
            "link",
            "location",
            "magImage",
            "markFrame",
            "markLength",
            "markWrapper",
            "nameContainer",
            "navMenuText",
            "noCommentSection",
            "noTitle",
            "normalVision",
            "notifcationOuterContainer",
            "odd",
            "overviewListContainer",
            "overviewRoundedCornerHeader",
            "photowrap",
            "pictureContainer",
            "placematIcons",
            "portletCalendar",
            "portletNoHeader",
            "portletReadModeBG",
            "readComp",
            "readMode",
            "read_only",
            "readonly",
            "redText",
            "removeTAC",
            "requiredAsterix",
            "requiredIndicator",
            "rev-field",
            "rev-rounded-corner",
            "rev-scratch-pad",
            "revolutionPanel",
            "row",
            "sapMBar",
            "sapMBar-CTX",
            "sapMBarChild",
            "sapMBarContainer",
            "sapMBarLeft",
            "sapMBarMiddle",
            "sapMBarPH",
            "sapMBarRight",
            "sapMBtn",
            "sapMBtnBase",
            "sapMBtnContent",
            "sapMBtnCustomIcon",
            "sapMBtnDefault",
            "sapMBtnHoverable",
            "sapMBtnIcon",
            "sapMBtnIconFirst",
            "sapMBtnIconLast",
            "sapMBtnIconLeft",
            "sapMBtnIconRight",
            "sapMBtnInner",
            "sapMBtnText",
            "sapMFocusable",
            "sapMHeader-CTX",
            "sapMIBar",
            "sapMIBar-CTX",
            "sapMImg",
            "sapMImgFocusable",
            "sapMLnkMaxWidth",
            "sapMPointer",
            "sapMSF",
            "sapMSFB",
            "sapMSFF",
            "sapMSFI",
            "sapMSFNS",
            "sapMSFR",
            "sapMTB",
            "sapMTB-Auto-CTX",
            "sapMTBInactive",
            "sapMTBNewFlex",
            "sapMTBStandard",
            "sapMText",
            "sapMTextBreakWord",
            "sapMTextMaxWidth",
            "sapUiForcedHidden",
            "sapUiHidden",
            "sapUiHiddenPlaceholder",
            "sapUiIcon",
            "sapUiIconMirrorInRTL",
            "sapUiInvisibleText",
            "sapUiJSView",
            "sapUiSelectable",
            "sapUiView",
            "selectText",
            "sfFocusMarker",
            "sfLoadingContainerSm",
            "sfOverlayMgr",
            "sfPhotoBox",
            "sfPhotoBoxAbs",
            "sfPhotoPortraitSmall",
            "sfRevolutionTopNavigationMobile",
            "sfTriangle",
            "show",
            "showLastRow",
            "showMeBtn",
            "showTeamAbsenceCalendar",
            "showme_icon",
            "struck_label",
            "sub-nav-container",
            "surjContainer",
            "surjNotificationBtn",
            "surjNotificationWrapper",
            "surjSubTabBar",
            "surjSubTabItem",
            "surjTodoButton",
            "surjTopNav",
            "surjTopNavHeaderBar",
            "surjTopNavHomeButton",
            "surjTopNavTitle",
            "surjUserPhoto",
            "surjUserPhotoCircle",
            "surjUserPhotoImg",
            "surjUserPhotoInner",
            "surjUserPhotoName",
            "surjUserPhotoName-EAST",
            "surjUserPhotoWrapper",
            "surjUtilityLinksMenu",
            "tableHeader",
            "teamCalendarPortlet",
            "text",
            "textBox",
            "textarea",
            "timeOffTitle",
            "timetype",
            "timetypeSelected",
            "tlmCustomFields",
            "tlmCustomFieldsData",
            "tlmMessageArea",
            "tlmMessageBox",
            "tlmMessageBoxIcon",
            "tlmReportAbsenceFormComment",
            "tlmTTSelDays",
            "tlmTTSelHours",
            "tlmTimeSelectContainer",
            "tlmTimeTypeSelectButton",
            "tlmTimeTypeSelectButtonContainer",
            "tlmTimeTypeSelectButtonText",
            "tlmTimeTypeSelectionContainer",
            "tlmTimeTypeSelectionContainerCenter",
            "tlmTimetypeSelectDateArea",
            "toggle",
            "tsDurationFields",
            "tsSingleInput",
            "tsTimeFieldContainerMultipleFields",
            "tsTimeFieldContainerSingleField",
            "uploadFile",
            "userDataContainer",
            "userInfoHeaderWrapper",
            "userInfoText",
            "warningContainer",
            "warningText",
            "white",
            "writeComp",
            "writeFieldBlank",
            "writeFieldChange",
            "writeFieldUnchange"
          ]
        ]
      }
    },
    "page/tagTriplets": {
      "contexts": {
        "context4_TE0fZ3": [
          [
            "-/-/DIV",
            "-/-/SCRIPT",
            "-/-/SPAN",
            "-/DIV/BR",
            "-/DIV/DIV",
            "-/DIV/H3",
            "-/DIV/IMG",
            "-/DIV/SMALL",
            "-/DIV/SPAN",
            "-/DIV/STRONG",
            "-/SPAN/A",
            "A/DIV/DIV",
            "A/DIV/SPAN",
            "A/SPAN/SPAN",
            "BUTTON/DIV/DIV",
            "BUTTON/DIV/SPAN",
            "BUTTON/H1/SPAN",
            "BUTTON/SPAN/SPAN",
            "DIV/A/DIV",
            "DIV/A/IMG",
            "DIV/A/SPAN",
            "DIV/BUTTON/DIV",
            "DIV/BUTTON/H1",
            "DIV/BUTTON/IMG",
            "DIV/BUTTON/SPAN",
            "DIV/DIV/A",
            "DIV/DIV/BUTTON",
            "DIV/DIV/DIV",
            "DIV/DIV/FORM",
            "DIV/DIV/H1",
            "DIV/DIV/IMG",
            "DIV/DIV/INPUT-text",
            "DIV/DIV/LABEL",
            "DIV/DIV/SCRIPT",
            "DIV/DIV/SPAN",
            "DIV/DIV/STYLE",
            "DIV/DIV/TABLE",
            "DIV/FORM/DIV",
            "DIV/FORM/INPUT-search",
            "DIV/FORM/SPAN",
            "DIV/SMALL/A",
            "DIV/SPAN/A",
            "DIV/SPAN/DIV",
            "DIV/SPAN/SPAN",
            "DIV/SPAN/STRONG",
            "DIV/TABLE/TBODY",
            "SPAN/A/SPAN",
            "SPAN/DIV/DIV",
            "SPAN/DIV/SPAN",
            "SPAN/DIV/TEXTAREA",
            "SPAN/SPAN/A",
            "SPAN/SPAN/BDI",
            "SPAN/SPAN/BUTTON",
            "SPAN/SPAN/DIV",
            "SPAN/SPAN/INPUT-checkbox",
            "SPAN/SPAN/INPUT-null",
            "SPAN/SPAN/INPUT-text",
            "SPAN/SPAN/LABEL",
            "SPAN/SPAN/SPAN",
            "TABLE/TBODY/TR",
            "TBODY/TR/TD",
            "TBODY/TR/TH",
            "TD/DIV/DIV",
            "TD/DIV/SPAN",
            "TD/SPAN/SPAN",
            "TR/TD/DIV",
            "TR/TD/SPAN",
            "TR/TH/LABEL",
            "TR/TH/SPAN"
          ],
          [
            "-/-/DIV",
            "-/-/SCRIPT",
            "-/-/SPAN",
            "-/DIV/BR",
            "-/DIV/DIV",
            "-/DIV/H3",
            "-/DIV/IMG",
            "-/DIV/SMALL",
            "-/DIV/SPAN",
            "-/DIV/STRONG",
            "-/SPAN/A",
            "A/DIV/DIV",
            "A/DIV/SPAN",
            "A/SPAN/SPAN",
            "BUTTON/DIV/DIV",
            "BUTTON/DIV/SPAN",
            "BUTTON/H1/SPAN",
            "BUTTON/SPAN/SPAN",
            "DIV/A/DIV",
            "DIV/A/IMG",
            "DIV/A/SPAN",
            "DIV/BUTTON/DIV",
            "DIV/BUTTON/H1",
            "DIV/BUTTON/IMG",
            "DIV/BUTTON/SPAN",
            "DIV/DIV/A",
            "DIV/DIV/BUTTON",
            "DIV/DIV/DIV",
            "DIV/DIV/FORM",
            "DIV/DIV/H1",
            "DIV/DIV/IMG",
            "DIV/DIV/INPUT-text",
            "DIV/DIV/LABEL",
            "DIV/DIV/OL",
            "DIV/DIV/SCRIPT",
            "DIV/DIV/SPAN",
            "DIV/DIV/STYLE",
            "DIV/DIV/TABLE",
            "DIV/FORM/DIV",
            "DIV/FORM/INPUT-search",
            "DIV/FORM/SPAN",
            "DIV/OL/LI",
            "DIV/SMALL/A",
            "DIV/SPAN/A",
            "DIV/SPAN/DIV",
            "DIV/SPAN/SPAN",
            "DIV/SPAN/STRONG",
            "DIV/TABLE/TBODY",
            "OL/LI/SPAN",
            "SPAN/A/SPAN",
            "SPAN/DIV/DIV",
            "SPAN/DIV/SPAN",
            "SPAN/DIV/TEXTAREA",
            "SPAN/SPAN/A",
            "SPAN/SPAN/BDI",
            "SPAN/SPAN/BUTTON",
            "SPAN/SPAN/DIV",
            "SPAN/SPAN/INPUT-checkbox",
            "SPAN/SPAN/INPUT-null",
            "SPAN/SPAN/INPUT-text",
            "SPAN/SPAN/LABEL",
            "SPAN/SPAN/SPAN",
            "TABLE/TBODY/TR",
            "TBODY/TR/TD",
            "TBODY/TR/TH",
            "TD/DIV/DIV",
            "TD/DIV/SPAN",
            "TD/SPAN/SPAN",
            "TR/TD/DIV",
            "TR/TD/SPAN",
            "TR/TH/LABEL",
            "TR/TH/SPAN"
          ]
        ]
      }
    }
  }
}