{
  "version": "0.1",
  "id": "ccc",
  "targetURL": "http://172.16.100.150:9799/jqreport/jqr",
  "jsFile": "index.js",
  "requires": {
    "ddd": "../ddd/index.json"
  },
  "chineseName": "ccc",
  "description": "",
  "firstPaintEnable": false,
  "controls": {
    "control11_emDGAF": {
      "location": {
        "data": {
          "tagName": "TD"
        },
        "userData": {
          "data": [],
          "force": false
        },
        "locators": [
          {
            "id": "button/text",
            "prob": 3,
            "ordinal": [
              0,
              2
            ],
            "value": {
              "text": [
                "取消"
              ],
              "visText": [
                "取消"
              ]
            }
          },
          {
            "id": "@id/nonWord",
            "prob": 1,
            "disabled": true,
            "fact": "_e_442",
            "value": "descendant::DIV[@id=\"_e_442\"]/TABLE[1]/TBODY[1]/TR[2]/TD[2]"
          },
          {
            "id": "@class/word",
            "prob": 1,
            "value": "DIV.Button.Button_style1 TABLE.fill TD.btn-push-h-center"
          },
          {
            "id": "path/ordinal",
            "prob": 1,
            "value": "/HTML[1]/BODY[1]/DIV[1]/DIV[6]/DIV[1]/DIV[1]/DIV[1]/DIV[1]/TABLE[1]/TBODY[1]/TR[2]/TD[2]"
          }
        ]
      },
      "intendedRole": "button",
      "roles": "element,button",
      "monitored": false,
      "frameXPath": "",
      "componentType": "button"
    },
    "control12_E9iQzA": {
      "location": {
        "data": {
          "tagName": "DIV"
        },
        "userData": {
          "data": [],
          "force": false
        },
        "locators": [
          {
            "id": "@id/nonWord",
            "prob": 1,
            "disabled": true,
            "fact": "_e_91",
            "value": "descendant::DIV[@id=\"_e_91\"]"
          },
          {
            "id": "@class/word",
            "prob": 1,
            "ordinal": [
              0,
              4
            ],
            "value": "DIV.Window.Window_style1"
          },
          {
            "id": "path/ordinal",
            "prob": 1,
            "value": "/HTML[1]/BODY[1]/DIV[1]"
          }
        ]
      },
      "roles": "element",
      "text": "选择业务方案时期取消确定月：年份：业务方案：",
      "frameXPath": "",
      "customJS": "if(elem.previousElementSibling==null){return true;}else{return false;}"
    },
    "control2_eWLVJN": {
      "location": {
        "data": {
          "tagName": "DIV"
        },
        "userData": {
          "data": [],
          "force": false
        },
        "locators": [
          {
            "id": "@id/nonWord",
            "prob": 1,
            "disabled": true,
            "fact": "_e_315",
            "value": "descendant::DIV[@id=\"_e_315\"]/DIV[1]/DIV[1]/DIV[1]"
          },
          {
            "id": "path/ordinal",
            "prob": 1,
            "value": "/HTML[1]/BODY[1]/DIV[2]/DIV[1]/DIV[1]/DIV[1]/DIV[1]/DIV[1]/DIV[1]/DIV[1]"
          }
        ]
      },
      "roles": "element",
      "frameXPath": "//iframe[contains(@id,'_e_')]<<IFRAME>>//iframe[contains(@id,'_e_')]<<IFRAME>>"
    },
    "control6_P7erV0": {
      "location": {
        "data": {
          "tagName": "DIV"
        },
        "userData": {
          "data": [],
          "force": false
        },
        "locators": [
          {
            "id": "@id/nonWord",
            "prob": 1,
            "disabled": true,
            "fact": "_e_315",
            "value": "descendant::DIV[@id=\"_e_315\"]/DIV[1]/DIV[1]/DIV[1]"
          },
          {
            "id": "path/ordinal",
            "prob": 1,
            "value": "/HTML[1]/BODY[1]/DIV[2]/DIV[1]/DIV[1]/DIV[1]/DIV[1]/DIV[1]/DIV[1]/DIV[1]"
          }
        ]
      },
      "roles": "element",
      "frameXPath": "//iframe[contains(@id,'_e_')]<<IFRAME>>//iframe[contains(@id,'_e_')]<<IFRAME>>"
    },
    "control14_WeXaVX": {
      "location": {
        "data": {
          "tagName": "TD"
        },
        "userData": {
          "data": [],
          "force": false
        },
        "locators": [
          {
            "id": "button/text",
            "prob": 3,
            "ordinal": [
              1,
              2
            ],
            "value": {
              "text": [
                "确定"
              ],
              "visText": [
                "确定"
              ]
            }
          },
          {
            "id": "@id/nonWord",
            "prob": 1,
            "disabled": true,
            "fact": "_e_96",
            "value": "descendant::DIV[@id=\"_e_96\"]/TABLE[1]/TBODY[1]/TR[2]/TD[2]/TABLE[1]/TBODY[1]/TR[1]/TD[2]"
          },
          {
            "id": "@class/word",
            "prob": 1,
            "value": "TABLE.fill TD.btn-push-h-center TD.btn-text"
          },
          {
            "id": "path/ordinal",
            "prob": 1,
            "value": "/HTML[1]/BODY[1]/DIV[1]/DIV[6]/DIV[1]/DIV[1]/DIV[1]/DIV[2]/TABLE[1]/TBODY[1]/TR[2]/TD[2]/TABLE[1]/TBODY[1]/TR[1]/TD[2]"
          },
          {
            "id": "elderLevel",
            "value": {
              "level": 0
            }
          }
        ]
      },
      "intendedRole": "button",
      "roles": "element,button",
      "monitored": false,
      "frameXPath": "",
      "componentType": "button"
    },
    "control18_HVPq7u": {
      "location": {
        "data": {
          "tagName": "TD"
        },
        "userData": {
          "data": [],
          "force": false
        },
        "locators": [
          {
            "id": "@id/nonWord",
            "prob": 1,
            "disabled": true,
            "fact": "_e_91",
            "value": "descendant::DIV[@id=\"_e_91\"]/DIV[4]/TABLE[1]/TBODY[1]/TR[1]/TD[4]"
          },
          {
            "id": "@class/word",
            "prob": 1,
            "ordinal": [
              0,
              4
            ],
            "value": "DIV.Window.Window_style1 TABLE.window-title TD.draggable.wtitle"
          },
          {
            "id": "path/ordinal",
            "prob": 1,
            "value": "/HTML[1]/BODY[1]/DIV[1]/DIV[4]/TABLE[1]/TBODY[1]/TR[1]/TD[4]"
          },
          {
            "id": "elderLevel",
            "value": {
              "level": 0
            }
          }
        ]
      },
      "intendedRole": "header",
      "roles": "element,header",
      "monitored": false,
      "frameXPath": "",
      "componentType": "header"
    },
    "control20_h29MMt": {
      "location": {
        "data": {
          "tagName": "INPUT"
        },
        "userData": {
          "data": [
            {
              "method": "selector",
              "value": "HTML"
            }
          ],
          "force": false
        },
        "locators": [
          {
            "id": "input/@value",
            "prob": 1,
            "value": {
              "text": [
                "5"
              ]
            }
          },
          {
            "id": "@id/nonWord",
            "prob": 1,
            "disabled": true,
            "fact": "_e_111",
            "value": "descendant::DIV[@id=\"_e_111\"]/TABLE[1]/TBODY[1]/TR[2]/TD[2]/DIV[1]/INPUT[1]"
          },
          {
            "id": "@class/word",
            "prob": 1,
            "value": "TD.text-border-center DIV.text-innerboder-gain INPUT.text-input"
          },
          {
            "id": "path/ordinal",
            "prob": 1,
            "value": "/HTML[1]/BODY[1]/DIV[1]/DIV[6]/DIV[1]/DIV[1]/DIV[3]/DIV[1]/DIV[1]/DIV[13]/TABLE[1]/TBODY[1]/TR[2]/TD[2]/DIV[1]/INPUT[1]"
          },
          {
            "id": "input/type",
            "verifyEnabled": true,
            "value": "text"
          }
        ]
      },
      "events": {
        "onGetData": "getData_control20_h29MMt"
      },
      "intendedRole": "custom",
      "roles": "element,textbox,custom",
      "ignoreVisibility": true,
      "monitored": true,
      "frameXPath": "",
      "componentType": "custom"
    },
    "control49_LQ6gCE": {
      "location": {
        "data": {
          "tagName": "SPAN"
        },
        "userData": {
          "data": [
            {
              "method": "selector",
              "value": "HTML"
            }
          ],
          "force": false
        },
        "locators": [
          {
            "id": "@id/nonWord",
            "prob": 1,
            "disabled": true,
            "fact": "_e_110",
            "value": "descendant::DIV[@id=\"_e_110\"]/SPAN[1]"
          },
          {
            "id": "@class/word",
            "prob": 1,
            "ordinal": [
              6,
              13
            ],
            "value": "DIV.Composite DIV.Composite DIV.Label SPAN"
          },
          {
            "id": "path/ordinal",
            "prob": 1,
            "value": "/HTML[1]/BODY[1]/DIV[1]/DIV[6]/DIV[1]/DIV[1]/DIV[3]/DIV[1]/DIV[1]/DIV[14]/SPAN[1]"
          },
          {
            "id": "elderLevel",
            "value": {
              "level": 0
            }
          }
        ]
      },
      "events": {
        "onGetData": "getData_control49_LQ6gCE"
      },
      "intendedRole": "custom",
      "roles": "element,custom",
      "ignoreVisibility": true,
      "monitored": true,
      "frameXPath": "",
      "componentType": "custom"
    },
    "control51_377LqT": {
      "location": {
        "data": {
          "tagName": "DIV"
        },
        "userData": {
          "force": false,
          "data": [
            {
              "method": "selector",
              "value": "HTML"
            }
          ]
        },
        "locators": [
          {
            "id": "@id/nonWord",
            "prob": 1,
            "disabled": true,
            "fact": "_e_121",
            "value": "descendant::DIV[@id=\"_e_121\"]/DIV[1]"
          },
          {
            "id": "@class/word",
            "prob": 1,
            "value": "DIV.window-mask DIV"
          },
          {
            "id": "path/ordinal",
            "prob": 1,
            "value": "/HTML[1]/BODY[1]/DIV[6]/DIV[1]"
          },
          {
            "id": "elderLevel",
            "value": {
              "level": 0
            }
          },
          {
            "id": "shield",
            "value": {
              "zIndex": "auto",
              "width": 913,
              "height": 517
            }
          }
        ]
      },
      "events": {
        "onGetData": "getData_control51_377LqT"
      },
      "intendedRole": "custom",
      "roles": "element,custom",
      "ignoreVisibility": true,
      "monitored": true,
      "frameXPath": "",
      "componentType": "custom"
    }
  },
  "contexts": {
    "context4_rKGOda": {
      "controls": [
        "control11_emDGAF",
        "control14_WeXaVX",
        "control18_HVPq7u",
        "control20_h29MMt",
        "control49_LQ6gCE",
        "control51_377LqT"
      ],
      "anchors": [
        "control12_E9iQzA"
      ],
      "urlAnchor": []
    }
  },
  "flows": {
    "flow10_s9qNSi": {
      "toContexts": [
        {
          "toContextId": "context4_rKGOda"
        }
      ]
    },
    "flow11_MDpb1N": {
      "fromContextId": "context4_rKGOda",
      "fromAction": "click",
      "fromControlId": "control11_emDGAF",
      "toContexts": [
        {
          "toContextId": "context4_rKGOda"
        }
      ]
    },
    "flow6_Bd7as1": {
      "fromContextId": "context4_rKGOda",
      "fromAction": "click",
      "fromControlId": "control14_WeXaVX",
      "toContexts": [
        {
          "toContextId": "context4_rKGOda"
        },
        {
          "toContextId": "context1_4iMV37",
          "toModelId": "ddd"
        }
      ]
    },
    "flow15_wXFloL": {
      "fromContextId": "context4_rKGOda",
      "fromAction": "doAction",
      "fromControlId": "control20_h29MMt",
      "toContexts": [
        {
          "toContextId": "context4_rKGOda"
        }
      ]
    }
  },
  "pages": {
    "page4_xJ1MxE": {
      "contextId": "context4_rKGOda",
      "layout": [
        {
          "id": "uiControl10_Da9fdf",
          "controlId": "control18_HVPq7u",
          "display": {
            "adapterId": "header",
            "type": "header",
            "amStyle": "dark",
            "adapter": {
              "templateType": ""
            }
          },
          "layout": [
            {
              "id": "uiControl10_Da9fdfheaderLeft",
              "display": {
                "type": "headerLeft",
                "adapterId": "headerLeft",
                "adapter": {
                  "templateType": ""
                }
              },
              "layout": []
            },
            {
              "id": "uiControl10_Da9fdfheaderRight",
              "display": {
                "type": "headerRight",
                "adapterId": "headerRight",
                "adapter": {
                  "templateType": ""
                }
              },
              "layout": []
            }
          ]
        },
        {
          "id": "uiControl44_LDbuXB",
          "controlId": "control49_LQ6gCE",
          "display": {
            "adapterId": "custom",
            "type": "custom",
            "adapter": {
              "templateType": "react",
              "events": {
                "onDoAction": "doAction_uiControl44_LDbuXB",
                "onGetTemplate": "getTemplate_uiControl44_LDbuXB"
              }
            }
          }
        },
        {
          "id": "uiControl12_LG4GHo",
          "controlId": "control20_h29MMt",
          "display": {
            "adapterId": "custom",
            "type": "custom",
            "adapter": {
              "templateType": "react",
              "events": {
                "onDoAction": "doAction_uiControl12_LG4GHo",
                "onGetTemplate": "getTemplate_uiControl12_LG4GHo"
              }
            }
          }
        },
        {
          "id": "uiControl7_ecXGiP",
          "controlId": "control14_WeXaVX",
          "display": {
            "adapterId": "clickable",
            "type": "button",
            "amStyle": "success",
            "adapter": {
              "templateType": ""
            }
          }
        },
        {
          "id": "uiControl6_aaaaaw",
          "controlId": "control11_emDGAF",
          "display": {
            "adapterId": "clickable",
            "type": "button",
            "amStyle": "warning",
            "adapter": {
              "templateType": ""
            }
          }
        },
        {
          "id": "uiControl46_lOpdAZ",
          "controlId": "control51_377LqT",
          "display": {
            "adapterId": "custom",
            "type": "custom",
            "adapter": {
              "templateType": "react",
              "events": {
                "onDoAction": "doAction_uiControl46_lOpdAZ",
                "onGetTemplate": "getTemplate_uiControl46_lOpdAZ"
              }
            }
          }
        }
      ]
    }
  },
  "matchers": {
    "page/title": {
      "contexts": {
        "context4_rKGOda": [
          "综合统计信息系统"
        ]
      }
    },
    "page/urls": {
      "contexts": {
        "context4_rKGOda": [
          "172.16.100.150:9799/jqreport/jqr"
        ]
      }
    },
    "page/ids": {
      "contexts": {
        "context4_rKGOda": [
          [
            "TrapProgress",
            "_e_",
            "alert_content",
            "alert_ok",
            "chrome_clipboard_load",
            "confirm_cancel",
            "confirm_content",
            "confirm_ok",
            "printNativeIframe",
            "system_alert_window",
            "system_confirm_window"
          ]
        ]
      }
    },
    "page/classes": {
      "contexts": {
        "context4_rKGOda": [
          [
            "Button",
            "Button_style",
            "CalendarPanel",
            "ComboPanel",
            "Composite",
            "ImageBorderComposite",
            "Label",
            "List",
            "ListItem",
            "ListWrapper",
            "Shell",
            "Spinner",
            "Tree",
            "TreeItem-",
            "Window",
            "Window_style",
            "alert-info",
            "application-mask",
            "bg-n",
            "border-area",
            "btn-push-f-b",
            "btn-push-f-l",
            "btn-push-f-lb",
            "btn-push-f-lt",
            "btn-push-f-r",
            "btn-push-f-rb",
            "btn-push-f-rt",
            "btn-push-f-t",
            "btn-push-n-b",
            "btn-push-n-center",
            "btn-push-n-l",
            "btn-push-n-lb",
            "btn-push-n-lt",
            "btn-push-n-r",
            "btn-push-n-rb",
            "btn-push-n-rt",
            "btn-push-n-t",
            "btn-text",
            "calendar-day",
            "calendar-head",
            "calendar-head-day",
            "calendar-row",
            "calendar-weekend",
            "calendar-workday",
            "combo-border",
            "combopanel-drag-i",
            "combopanel-drag-l",
            "content",
            "data",
            "datetime-btn",
            "datetime-btn-bg",
            "disabled",
            "down",
            "draggable",
            "fill",
            "flowproxy-iframe",
            "icon",
            "img",
            "inputMask",
            "j-tool",
            "j-tool-close",
            "j-tool-minimize",
            "j-tool-restore",
            "label-separator-h",
            "node-end-line",
            "node-minus",
            "percent",
            "selected",
            "spinner-bg-n",
            "spinner-btn-base",
            "spinner-table",
            "sub",
            "text-bg",
            "text-border--b",
            "text-border--l",
            "text-border--lb",
            "text-border--lt",
            "text-border--r",
            "text-border--rb",
            "text-border--rt",
            "text-border--t",
            "text-border-center",
            "text-border-f-b",
            "text-border-f-l",
            "text-border-f-lb",
            "text-border-f-lt",
            "text-border-f-r",
            "text-border-f-rb",
            "text-border-f-rt",
            "text-border-f-t",
            "text-btn-base",
            "text-innerboder-gain",
            "text-innerboder-lost",
            "text-input",
            "text-n-b",
            "text-n-l",
            "text-n-lb",
            "text-n-lt",
            "text-n-r",
            "text-n-rb",
            "text-n-rt",
            "text-n-t",
            "text-readonly",
            "txt",
            "up",
            "win-effect-proxy",
            "window-bottom",
            "window-bottom-left",
            "window-bottom-right",
            "window-center",
            "window-left",
            "window-left-td",
            "window-mask",
            "window-right",
            "window-right-td",
            "window-title",
            "window-top",
            "window-top-left",
            "window-top-right",
            "wtitle"
          ],
          [
            "Button",
            "Button_style",
            "CalendarPanel",
            "ComboPanel",
            "Composite",
            "ImageBorderComposite",
            "Label",
            "List",
            "ListItem",
            "ListWrapper",
            "Shell",
            "Spinner",
            "Tree",
            "TreeItem-",
            "Window",
            "Window_style",
            "alert-info",
            "application-mask",
            "bg-n",
            "border-area",
            "btn-push-f-b",
            "btn-push-f-l",
            "btn-push-f-lb",
            "btn-push-f-lt",
            "btn-push-f-r",
            "btn-push-f-rb",
            "btn-push-f-rt",
            "btn-push-f-t",
            "btn-push-h-center",
            "btn-push-n-b",
            "btn-push-n-center",
            "btn-push-n-l",
            "btn-push-n-lb",
            "btn-push-n-lt",
            "btn-push-n-r",
            "btn-push-n-rb",
            "btn-push-n-rt",
            "btn-push-n-t",
            "btn-text",
            "calendar-day",
            "calendar-head",
            "calendar-head-day",
            "calendar-row",
            "calendar-weekend",
            "calendar-workday",
            "combo-border",
            "combopanel-drag-i",
            "combopanel-drag-l",
            "content",
            "data",
            "datetime-btn",
            "datetime-btn-bg",
            "disabled",
            "down",
            "draggable",
            "fill",
            "flowproxy-iframe",
            "icon",
            "img",
            "inputMask",
            "j-tool",
            "j-tool-close",
            "j-tool-minimize",
            "j-tool-restore",
            "label-separator-h",
            "node-end-line",
            "node-minus",
            "percent",
            "selected",
            "spinner-bg-n",
            "spinner-btn-base",
            "spinner-table",
            "sub",
            "text-bg",
            "text-border--b",
            "text-border--l",
            "text-border--lb",
            "text-border--lt",
            "text-border--r",
            "text-border--rb",
            "text-border--rt",
            "text-border--t",
            "text-border-center",
            "text-border-n-b",
            "text-border-n-l",
            "text-border-n-lb",
            "text-border-n-lt",
            "text-border-n-r",
            "text-border-n-rb",
            "text-border-n-rt",
            "text-border-n-t",
            "text-btn-base",
            "text-innerboder-lost",
            "text-input",
            "text-n-b",
            "text-n-l",
            "text-n-lb",
            "text-n-lt",
            "text-n-r",
            "text-n-rb",
            "text-n-rt",
            "text-n-t",
            "text-readonly",
            "txt",
            "up",
            "win-effect-proxy",
            "window-bottom",
            "window-bottom-left",
            "window-bottom-right",
            "window-center",
            "window-left",
            "window-left-td",
            "window-mask",
            "window-right",
            "window-right-td",
            "window-title",
            "window-top",
            "window-top-left",
            "window-top-right",
            "wtitle"
          ],
          [
            "Button",
            "Button_style",
            "CalendarPanel",
            "ComboPanel",
            "Composite",
            "ImageBorderComposite",
            "Label",
            "List",
            "ListItem",
            "ListWrapper",
            "Shell",
            "Spinner",
            "Tree",
            "TreeItem-",
            "Window",
            "Window_style",
            "alert-info",
            "application-mask",
            "bg-n",
            "border-area",
            "btn-push-f-b",
            "btn-push-f-l",
            "btn-push-f-lb",
            "btn-push-f-lt",
            "btn-push-f-r",
            "btn-push-f-rb",
            "btn-push-f-rt",
            "btn-push-f-t",
            "btn-push-h-center",
            "btn-push-n-b",
            "btn-push-n-center",
            "btn-push-n-l",
            "btn-push-n-lb",
            "btn-push-n-lt",
            "btn-push-n-r",
            "btn-push-n-rb",
            "btn-push-n-rt",
            "btn-push-n-t",
            "btn-text",
            "calendar-day",
            "calendar-head",
            "calendar-head-day",
            "calendar-row",
            "calendar-weekend",
            "calendar-workday",
            "combo-border",
            "combopanel-drag-i",
            "combopanel-drag-l",
            "content",
            "data",
            "datetime-btn",
            "datetime-btn-bg",
            "disabled",
            "down",
            "draggable",
            "fill",
            "flowproxy-iframe",
            "icon",
            "img",
            "inputMask",
            "j-tool",
            "j-tool-close",
            "j-tool-minimize",
            "j-tool-restore",
            "label-separator-h",
            "node-end-line",
            "node-minus",
            "percent",
            "selected",
            "spinner-bg-n",
            "spinner-btn-base",
            "spinner-table",
            "sub",
            "text-bg",
            "text-border--b",
            "text-border--l",
            "text-border--lb",
            "text-border--lt",
            "text-border--r",
            "text-border--rb",
            "text-border--rt",
            "text-border--t",
            "text-border-center",
            "text-border-n-b",
            "text-border-n-l",
            "text-border-n-lb",
            "text-border-n-lt",
            "text-border-n-r",
            "text-border-n-rb",
            "text-border-n-rt",
            "text-border-n-t",
            "text-btn-base",
            "text-innerboder-lost",
            "text-input",
            "text-n-b",
            "text-n-l",
            "text-n-lb",
            "text-n-lt",
            "text-n-r",
            "text-n-rb",
            "text-n-rt",
            "text-n-t",
            "text-readonly",
            "txt",
            "up",
            "window-bottom",
            "window-bottom-left",
            "window-bottom-right",
            "window-center",
            "window-left",
            "window-left-td",
            "window-mask",
            "window-right",
            "window-right-td",
            "window-title",
            "window-top",
            "window-top-left",
            "window-top-right",
            "wtitle"
          ],
          [
            "Button",
            "Button_style",
            "CalendarPanel",
            "ComboPanel",
            "Composite",
            "ImageBorderComposite",
            "Label",
            "List",
            "ListItem",
            "ListWrapper",
            "Shell",
            "Spinner",
            "Tree",
            "TreeItem-",
            "Window",
            "Window_style",
            "alert-info",
            "application-mask",
            "bg-n",
            "border-area",
            "btn-push-f-b",
            "btn-push-f-l",
            "btn-push-f-lb",
            "btn-push-f-lt",
            "btn-push-f-r",
            "btn-push-f-rb",
            "btn-push-f-rt",
            "btn-push-f-t",
            "btn-push-n-b",
            "btn-push-n-center",
            "btn-push-n-l",
            "btn-push-n-lb",
            "btn-push-n-lt",
            "btn-push-n-r",
            "btn-push-n-rb",
            "btn-push-n-rt",
            "btn-push-n-t",
            "btn-text",
            "calendar-day",
            "calendar-head",
            "calendar-head-day",
            "calendar-row",
            "calendar-weekend",
            "calendar-workday",
            "combo-border",
            "combopanel-drag-i",
            "combopanel-drag-l",
            "content",
            "data",
            "datetime-btn",
            "datetime-btn-bg",
            "disabled",
            "down",
            "draggable",
            "fill",
            "flowproxy-iframe",
            "icon",
            "img",
            "inputMask",
            "j-tool",
            "j-tool-close",
            "j-tool-minimize",
            "j-tool-restore",
            "label-separator-h",
            "node-end-line",
            "node-minus",
            "percent",
            "selected",
            "spinner-bg-n",
            "spinner-btn-base",
            "spinner-table",
            "sub",
            "text-bg",
            "text-border--b",
            "text-border--l",
            "text-border--lb",
            "text-border--lt",
            "text-border--r",
            "text-border--rb",
            "text-border--rt",
            "text-border--t",
            "text-border-center",
            "text-border-f-b",
            "text-border-f-l",
            "text-border-f-lb",
            "text-border-f-lt",
            "text-border-f-r",
            "text-border-f-rb",
            "text-border-f-rt",
            "text-border-f-t",
            "text-btn-base",
            "text-innerboder-gain",
            "text-innerboder-lost",
            "text-input",
            "text-n-b",
            "text-n-l",
            "text-n-lb",
            "text-n-lt",
            "text-n-r",
            "text-n-rb",
            "text-n-rt",
            "text-n-t",
            "text-readonly",
            "txt",
            "up",
            "window-bottom",
            "window-bottom-left",
            "window-bottom-right",
            "window-center",
            "window-left",
            "window-left-td",
            "window-mask",
            "window-right",
            "window-right-td",
            "window-title",
            "window-top",
            "window-top-left",
            "window-top-right",
            "wtitle"
          ],
          [
            "Button",
            "Button_style",
            "CalendarPanel",
            "ComboPanel",
            "Composite",
            "ImageBorderComposite",
            "Label",
            "List",
            "ListItem",
            "ListWrapper",
            "Shell",
            "Spinner",
            "Tree",
            "TreeItem-",
            "Window",
            "Window_style",
            "alert-info",
            "application-mask",
            "bg-h",
            "bg-n",
            "border-area",
            "btn-push-f-b",
            "btn-push-f-l",
            "btn-push-f-lb",
            "btn-push-f-lt",
            "btn-push-f-r",
            "btn-push-f-rb",
            "btn-push-f-rt",
            "btn-push-f-t",
            "btn-push-n-b",
            "btn-push-n-center",
            "btn-push-n-l",
            "btn-push-n-lb",
            "btn-push-n-lt",
            "btn-push-n-r",
            "btn-push-n-rb",
            "btn-push-n-rt",
            "btn-push-n-t",
            "btn-text",
            "calendar-day",
            "calendar-head",
            "calendar-head-day",
            "calendar-row",
            "calendar-weekend",
            "calendar-workday",
            "combo-border",
            "combopanel-drag-i",
            "combopanel-drag-l",
            "content",
            "data",
            "datetime-btn",
            "datetime-btn-bg",
            "disabled",
            "down",
            "draggable",
            "fill",
            "flowproxy-iframe",
            "icon",
            "img",
            "inputMask",
            "j-tool",
            "j-tool-close",
            "j-tool-minimize",
            "j-tool-restore",
            "label-separator-h",
            "node-end-line",
            "node-minus",
            "percent",
            "selected",
            "spinner-bg-n",
            "spinner-btn-base",
            "spinner-table",
            "sub",
            "text-bg",
            "text-border--b",
            "text-border--l",
            "text-border--lb",
            "text-border--lt",
            "text-border--r",
            "text-border--rb",
            "text-border--rt",
            "text-border--t",
            "text-border-center",
            "text-border-f-b",
            "text-border-f-l",
            "text-border-f-lb",
            "text-border-f-lt",
            "text-border-f-r",
            "text-border-f-rb",
            "text-border-f-rt",
            "text-border-f-t",
            "text-border-n-b",
            "text-border-n-l",
            "text-border-n-lb",
            "text-border-n-lt",
            "text-border-n-r",
            "text-border-n-rb",
            "text-border-n-rt",
            "text-border-n-t",
            "text-btn-base",
            "text-h-b",
            "text-h-l",
            "text-h-lb",
            "text-h-lt",
            "text-h-r",
            "text-h-rb",
            "text-h-rt",
            "text-h-t",
            "text-innerboder-gain",
            "text-innerboder-lost",
            "text-input",
            "text-n-b",
            "text-n-l",
            "text-n-lb",
            "text-n-lt",
            "text-n-r",
            "text-n-rb",
            "text-n-rt",
            "text-n-t",
            "text-readonly",
            "txt",
            "up",
            "window-bottom",
            "window-bottom-left",
            "window-bottom-right",
            "window-center",
            "window-left",
            "window-left-td",
            "window-mask",
            "window-right",
            "window-right-td",
            "window-title",
            "window-top",
            "window-top-left",
            "window-top-right",
            "wtitle"
          ],
          [
            "Button",
            "Button_style",
            "CalendarPanel",
            "ComboPanel",
            "Composite",
            "ImageBorderComposite",
            "Label",
            "List",
            "ListItem",
            "ListWrapper",
            "Shell",
            "Spinner",
            "Tree",
            "TreeItem-",
            "Window",
            "Window_style",
            "alert-info",
            "application-mask",
            "bg-n",
            "border-area",
            "btn-push-f-b",
            "btn-push-f-l",
            "btn-push-f-lb",
            "btn-push-f-lt",
            "btn-push-f-r",
            "btn-push-f-rb",
            "btn-push-f-rt",
            "btn-push-f-t",
            "btn-push-n-b",
            "btn-push-n-center",
            "btn-push-n-l",
            "btn-push-n-lb",
            "btn-push-n-lt",
            "btn-push-n-r",
            "btn-push-n-rb",
            "btn-push-n-rt",
            "btn-push-n-t",
            "btn-text",
            "calendar-day",
            "calendar-head",
            "calendar-head-day",
            "calendar-row",
            "calendar-weekend",
            "calendar-workday",
            "combo-border",
            "combopanel-drag-i",
            "combopanel-drag-l",
            "content",
            "data",
            "datetime-btn",
            "datetime-btn-bg",
            "disabled",
            "down",
            "draggable",
            "fill",
            "flowproxy-iframe",
            "focus",
            "icon",
            "img",
            "inputMask",
            "j-tool",
            "j-tool-close",
            "j-tool-minimize",
            "j-tool-restore",
            "label-separator-h",
            "node-end-line",
            "node-minus",
            "percent",
            "selected",
            "spinner-bg-n",
            "spinner-btn-base",
            "spinner-table",
            "sub",
            "text-bg",
            "text-border--b",
            "text-border--l",
            "text-border--lb",
            "text-border--lt",
            "text-border--r",
            "text-border--rb",
            "text-border--rt",
            "text-border--t",
            "text-border-center",
            "text-border-n-b",
            "text-border-n-l",
            "text-border-n-lb",
            "text-border-n-lt",
            "text-border-n-r",
            "text-border-n-rb",
            "text-border-n-rt",
            "text-border-n-t",
            "text-btn-base",
            "text-innerboder-lost",
            "text-input",
            "text-n-b",
            "text-n-l",
            "text-n-lb",
            "text-n-lt",
            "text-n-r",
            "text-n-rb",
            "text-n-rt",
            "text-n-t",
            "text-readonly",
            "txt",
            "up",
            "win-effect-proxy",
            "window-bottom",
            "window-bottom-left",
            "window-bottom-right",
            "window-center",
            "window-left",
            "window-left-td",
            "window-mask",
            "window-right",
            "window-right-td",
            "window-title",
            "window-top",
            "window-top-left",
            "window-top-right",
            "wtitle"
          ],
          [
            "Button",
            "Button_style",
            "CalendarPanel",
            "ComboPanel",
            "Composite",
            "ImageBorderComposite",
            "Label",
            "List",
            "ListItem",
            "ListWrapper",
            "Shell",
            "Spinner",
            "Tree",
            "TreeItem-",
            "Window",
            "Window_style",
            "alert-info",
            "application-mask",
            "bg-n",
            "border-area",
            "btn-push-f-b",
            "btn-push-f-l",
            "btn-push-f-lb",
            "btn-push-f-lt",
            "btn-push-f-r",
            "btn-push-f-rb",
            "btn-push-f-rt",
            "btn-push-f-t",
            "btn-push-n-b",
            "btn-push-n-center",
            "btn-push-n-l",
            "btn-push-n-lb",
            "btn-push-n-lt",
            "btn-push-n-r",
            "btn-push-n-rb",
            "btn-push-n-rt",
            "btn-push-n-t",
            "btn-text",
            "calendar-day",
            "calendar-head",
            "calendar-head-day",
            "calendar-row",
            "calendar-weekend",
            "calendar-workday",
            "combo-border",
            "combopanel-drag-i",
            "combopanel-drag-l",
            "content",
            "data",
            "datetime-btn",
            "datetime-btn-bg",
            "disabled",
            "down",
            "draggable",
            "fill",
            "flowproxy-iframe",
            "icon",
            "img",
            "inputMask",
            "j-tool",
            "j-tool-close",
            "j-tool-minimize",
            "j-tool-restore",
            "label-separator-h",
            "node-end-line",
            "node-minus",
            "percent",
            "selected",
            "spinner-bg-n",
            "spinner-btn-base",
            "spinner-table",
            "sub",
            "text-bg",
            "text-border--b",
            "text-border--l",
            "text-border--lb",
            "text-border--lt",
            "text-border--r",
            "text-border--rb",
            "text-border--rt",
            "text-border--t",
            "text-border-center",
            "text-border-f-b",
            "text-border-f-l",
            "text-border-f-lb",
            "text-border-f-lt",
            "text-border-f-r",
            "text-border-f-rb",
            "text-border-f-rt",
            "text-border-f-t",
            "text-border-n-b",
            "text-border-n-l",
            "text-border-n-lb",
            "text-border-n-lt",
            "text-border-n-r",
            "text-border-n-rb",
            "text-border-n-rt",
            "text-border-n-t",
            "text-btn-base",
            "text-innerboder-gain",
            "text-innerboder-lost",
            "text-input",
            "text-n-b",
            "text-n-l",
            "text-n-lb",
            "text-n-lt",
            "text-n-r",
            "text-n-rb",
            "text-n-rt",
            "text-n-t",
            "text-readonly",
            "txt",
            "up",
            "win-effect-proxy",
            "window-bottom",
            "window-bottom-left",
            "window-bottom-right",
            "window-center",
            "window-left",
            "window-left-td",
            "window-mask",
            "window-right",
            "window-right-td",
            "window-title",
            "window-top",
            "window-top-left",
            "window-top-right",
            "wtitle"
          ],
          [
            "Button",
            "Button_style",
            "CalendarPanel",
            "ComboPanel",
            "Composite",
            "ImageBorderComposite",
            "Label",
            "List",
            "ListItem",
            "ListWrapper",
            "Shell",
            "Spinner",
            "Tree",
            "TreeItem-",
            "Window",
            "Window_style",
            "alert-info",
            "application-mask",
            "bg-n",
            "border-area",
            "btn-push-f-b",
            "btn-push-f-l",
            "btn-push-f-lb",
            "btn-push-f-lt",
            "btn-push-f-r",
            "btn-push-f-rb",
            "btn-push-f-rt",
            "btn-push-f-t",
            "btn-push-n-b",
            "btn-push-n-center",
            "btn-push-n-l",
            "btn-push-n-lb",
            "btn-push-n-lt",
            "btn-push-n-r",
            "btn-push-n-rb",
            "btn-push-n-rt",
            "btn-push-n-t",
            "btn-text",
            "calendar-day",
            "calendar-head",
            "calendar-head-day",
            "calendar-row",
            "calendar-weekend",
            "calendar-workday",
            "combo-border",
            "combopanel-drag-i",
            "combopanel-drag-l",
            "content",
            "data",
            "datetime-btn",
            "datetime-btn-bg",
            "disabled",
            "down",
            "draggable",
            "fill",
            "flowproxy-iframe",
            "icon",
            "img",
            "inputMask",
            "j-tool",
            "j-tool-close",
            "j-tool-minimize",
            "j-tool-restore",
            "label-separator-h",
            "node-end-line",
            "node-minus",
            "percent",
            "selected",
            "spinner-bg-n",
            "spinner-btn-base",
            "spinner-table",
            "sub",
            "text-bg",
            "text-border--b",
            "text-border--l",
            "text-border--lb",
            "text-border--lt",
            "text-border--r",
            "text-border--rb",
            "text-border--rt",
            "text-border--t",
            "text-border-center",
            "text-border-f-b",
            "text-border-f-l",
            "text-border-f-lb",
            "text-border-f-lt",
            "text-border-f-r",
            "text-border-f-rb",
            "text-border-f-rt",
            "text-border-f-t",
            "text-border-n-b",
            "text-border-n-l",
            "text-border-n-lb",
            "text-border-n-lt",
            "text-border-n-r",
            "text-border-n-rb",
            "text-border-n-rt",
            "text-border-n-t",
            "text-btn-base",
            "text-innerboder-gain",
            "text-innerboder-lost",
            "text-input",
            "text-n-b",
            "text-n-l",
            "text-n-lb",
            "text-n-lt",
            "text-n-r",
            "text-n-rb",
            "text-n-rt",
            "text-n-t",
            "text-readonly",
            "txt",
            "up",
            "window-bottom",
            "window-bottom-left",
            "window-bottom-right",
            "window-center",
            "window-left",
            "window-left-td",
            "window-mask",
            "window-right",
            "window-right-td",
            "window-title",
            "window-top",
            "window-top-left",
            "window-top-right",
            "wtitle"
          ]
        ]
      }
    },
    "page/tagTriplets": {
      "contexts": {
        "context4_rKGOda": [
          [
            "-/-/A",
            "-/-/DIV",
            "-/-/IFRAME",
            "-/-/SCRIPT",
            "-/DIV/DIV",
            "-/DIV/IFRAME",
            "DIV/DIV/DIV",
            "DIV/DIV/IFRAME",
            "DIV/DIV/IMG",
            "DIV/DIV/P",
            "DIV/DIV/SPAN",
            "DIV/DIV/TABLE",
            "DIV/SPAN/DIV",
            "DIV/SPAN/SPAN",
            "DIV/TABLE/TBODY",
            "SPAN/DIV/DIV",
            "SPAN/SPAN/IMG",
            "TABLE/TBODY/TR",
            "TBODY/TR/TD",
            "TD/DIV/DIV",
            "TD/DIV/IMG",
            "TD/DIV/INPUT-text",
            "TD/TABLE/TBODY",
            "TR/TD/DIV",
            "TR/TD/INPUT-text",
            "TR/TD/P",
            "TR/TD/TABLE"
          ]
        ]
      }
    }
  }
}