{
  "version": "0.1",
  "id": "error",
  "targetURL": "data:text/html,chromewebdata",
  "jsFile": "index.js",
  "requires": {
    "error": "../error/index.json"
  },
  "chineseName": "错误页面",
  "description": "",
  "controls": {
    "control11_DpW6mo": {
      "location": {
        "data": {
          "tagName": "BODY"
        },
        "locators": [
          {
            "id": "path/ordinal",
            "prob": 1,
            "value": "/HTML[1]/BODY[1]"
          },
          {
            "id": "elderLevel",
            "value": {
              "level": 0
            }
          }
        ]
      },
      "events": {
        "onGetData": "getData_control11_DpW6mo"
      },
      "intendedRole": "custom",
      "roles": "element,custom",
      "monitored": false,
      "frameXPath": ""
    }
  },
  "contexts": {
    "context3_J8pGA4": {
      "controls": [
        "control11_DpW6mo"
      ],
      "anchors": [],
      "urlAnchor": []
    }
  },
  "flows": {
    "flow9_hZlqHM": {
      "toContexts": [
        {
          "toContextId": "context3_J8pGA4"
        },
        {
          "toContextId": "context3_J8pGA4",
          "toModelId": "error"
        }
      ]
    }
  },
  "pages": {
    "page3_E5w8my": {
      "contextId": "context3_J8pGA4",
      "layout": [
        {
          "id": "uiControl8_2USTHo",
          "controlId": "control11_DpW6mo",
          "display": {
            "adapterId": "custom",
            "type": "custom",
            "adapter": {
              "templateType": "react",
              "events": {
                "onDoAction": "doAction_uiControl8_2USTHo",
                "onGetTemplate": "getTemplate_uiControl8_2USTHo"
              }
            }
          }
        }
      ]
    }
  },
  "matchers": {
    "page/title": {
      "contexts": {
        "context3_J8pGA4": [
          ""
        ]
      }
    },
    "page/urls": {
      "contexts": {
        "context3_J8pGA4": [
          "text/html,chromewebdata"
        ]
      }
    },
    "page/ids": {
      "contexts": {
        "context3_J8pGA4": [
          []
        ]
      }
    },
    "page/classes": {
      "contexts": {
        "context3_J8pGA4": [
          []
        ]
      }
    },
    "page/tagTriplets": {
      "contexts": {
        "context3_J8pGA4": [
          []
        ]
      }
    }
  }
}