{
  "version": "0.1",
  "id": "bjcdwxz",
  "targetURL": "http://218.95.181.41:8081/ajjwork/main/xzzf/checkPlan.do?method=companyinfoList",
  "jsFile": "index.js",
  "chineseName": "被检查单位选择",
  "description": "",
  "controls": {
    "control46_cFAFcT": {
      "location": {
        "data": {
          "tagName": "INPUT"
        },
        "userData": {
          "data": [],
          "force": false
        },
        "locators": [
          {
            "id": "input/button/@value",
            "prob": 3,
            "value": {
              "text": [
                "取 消"
              ]
            }
          },
          {
            "id": "elem/@name",
            "prob": 2,
            "ordinal": [
              2,
              3
            ],
            "value": [
              "descendant::form[@name=\"myForm\"]//INPUT[@name=\"button\"]",
              "descendant::INPUT[@name=\"button\"]"
            ]
          },
          {
            "id": "@id/word",
            "prob": 2,
            "ordinal": [
              2,
              3
            ],
            "value": "descendant::INPUT[@id=\"button\"]"
          },
          {
            "id": "@class/word",
            "prob": 1,
            "value": "TD.pad-2 TABLE.tab.word-5 INPUT.intbut-6"
          },
          {
            "id": "path/ordinal",
            "prob": 1,
            "value": "/HTML[1]/BODY[1]/TABLE[2]/TBODY[1]/TR[1]/TD[1]/FORM[1]/TABLE[1]/TBODY[1]/TR[1]/TD[1]/TABLE[1]/TBODY[1]/TR[4]/TD[1]/INPUT[3]"
          },
          {
            "id": "input/type",
            "verifyEnabled": true,
            "value": "button"
          }
        ]
      },
      "intendedRole": "button",
      "roles": "element,button",
      "monitored": false,
      "frameXPath": "",
      "componentType": "button"
    },
    "control49_OBLTZQ": {
      "location": {
        "data": {
          "tagName": "TD"
        },
        "userData": {
          "data": [],
          "force": false
        },
        "locators": [
          {
            "id": "text",
            "prob": 3,
            "value": {
              "text": [
                "企业名称："
              ],
              "visText": [
                "企业名称："
              ]
            }
          },
          {
            "id": "@class/word",
            "prob": 1,
            "ordinal": [
              0,
              13
            ],
            "value": "TABLE.tab.word-5 TD.pad-2 TABLE.tab.word-5 TBODY TR TD"
          },
          {
            "id": "path/ordinal",
            "prob": 1,
            "value": "/HTML[1]/BODY[1]/TABLE[2]/TBODY[1]/TR[1]/TD[1]/FORM[1]/TABLE[1]/TBODY[1]/TR[1]/TD[1]/TABLE[1]/TBODY[1]/TR[1]/TD[1]"
          },
          {
            "id": "elderLevel",
            "value": {
              "level": 0
            }
          }
        ]
      },
      "roles": "element",
      "content": true,
      "monitored": false,
      "frameXPath": "",
      "componentType": "content"
    },
    "control50_O8GNA4": {
      "location": {
        "data": {
          "tagName": "TD"
        },
        "userData": {
          "data": [],
          "force": false
        },
        "locators": [
          {
            "id": "text",
            "prob": 3,
            "value": {
              "text": [
                "行业分类："
              ],
              "visText": [
                "行业分类："
              ]
            }
          },
          {
            "id": "@class/word",
            "prob": 1,
            "ordinal": [
              2,
              13
            ],
            "value": "TABLE.tab.word-5 TD.pad-2 TABLE.tab.word-5 TBODY TR TD"
          },
          {
            "id": "path/ordinal",
            "prob": 1,
            "value": "/HTML[1]/BODY[1]/TABLE[2]/TBODY[1]/TR[1]/TD[1]/FORM[1]/TABLE[1]/TBODY[1]/TR[1]/TD[1]/TABLE[1]/TBODY[1]/TR[1]/TD[3]"
          },
          {
            "id": "elderLevel",
            "value": {
              "level": 0
            }
          }
        ]
      },
      "roles": "element",
      "content": true,
      "monitored": false,
      "frameXPath": "",
      "componentType": "content"
    },
    "control51_UVlP6r": {
      "location": {
        "data": {
          "tagName": "TD"
        },
        "userData": {
          "data": [],
          "force": false
        },
        "locators": [
          {
            "id": "text",
            "prob": 3,
            "value": {
              "text": [
                "隶属关系："
              ],
              "visText": [
                "隶属关系："
              ]
            }
          },
          {
            "id": "@class/word",
            "prob": 1,
            "ordinal": [
              4,
              13
            ],
            "value": "TABLE.tab.word-5 TD.pad-2 TABLE.tab.word-5 TBODY TR TD"
          },
          {
            "id": "path/ordinal",
            "prob": 1,
            "value": "/HTML[1]/BODY[1]/TABLE[2]/TBODY[1]/TR[1]/TD[1]/FORM[1]/TABLE[1]/TBODY[1]/TR[1]/TD[1]/TABLE[1]/TBODY[1]/TR[2]/TD[1]"
          },
          {
            "id": "elderLevel",
            "value": {
              "level": 0
            }
          }
        ]
      },
      "roles": "element",
      "content": true,
      "monitored": false,
      "frameXPath": "",
      "componentType": "content"
    },
    "control52_2ydkQ7": {
      "location": {
        "data": {
          "tagName": "TD"
        },
        "userData": {
          "data": [],
          "force": false
        },
        "locators": [
          {
            "id": "text",
            "prob": 3,
            "value": {
              "text": [
                "企业状态："
              ],
              "visText": [
                "企业状态："
              ]
            }
          },
          {
            "id": "@class/word",
            "prob": 1,
            "ordinal": [
              6,
              13
            ],
            "value": "TABLE.tab.word-5 TD.pad-2 TABLE.tab.word-5 TBODY TR TD"
          },
          {
            "id": "path/ordinal",
            "prob": 1,
            "value": "/HTML[1]/BODY[1]/TABLE[2]/TBODY[1]/TR[1]/TD[1]/FORM[1]/TABLE[1]/TBODY[1]/TR[1]/TD[1]/TABLE[1]/TBODY[1]/TR[2]/TD[3]"
          },
          {
            "id": "elderLevel",
            "value": {
              "level": 0
            }
          }
        ]
      },
      "roles": "element",
      "content": true,
      "monitored": false,
      "frameXPath": "",
      "componentType": "content"
    },
    "control53_MqpLSN": {
      "location": {
        "data": {
          "tagName": "TD"
        },
        "userData": {
          "data": [],
          "force": false
        },
        "locators": [
          {
            "id": "text",
            "prob": 3,
            "value": {
              "text": [
                "所在地区："
              ],
              "visText": [
                "所在地区："
              ]
            }
          },
          {
            "id": "@class/word",
            "prob": 1,
            "ordinal": [
              8,
              13
            ],
            "value": "TABLE.tab.word-5 TD.pad-2 TABLE.tab.word-5 TBODY TR TD"
          },
          {
            "id": "path/ordinal",
            "prob": 1,
            "value": "/HTML[1]/BODY[1]/TABLE[2]/TBODY[1]/TR[1]/TD[1]/FORM[1]/TABLE[1]/TBODY[1]/TR[1]/TD[1]/TABLE[1]/TBODY[1]/TR[3]/TD[1]"
          },
          {
            "id": "elderLevel",
            "value": {
              "level": 0
            }
          }
        ]
      },
      "roles": "element",
      "content": true,
      "monitored": false,
      "frameXPath": "",
      "componentType": "content"
    },
    "control54_R3RPz7": {
      "location": {
        "data": {
          "tagName": "INPUT"
        },
        "userData": {
          "data": [],
          "force": false
        },
        "locators": [
          {
            "id": "elem/@name",
            "prob": 2,
            "value": [
              "descendant::form[@name=\"myForm\"]//INPUT[@name=\"companyName\"]",
              "descendant::INPUT[@name=\"companyName\"]"
            ]
          },
          {
            "id": "@id/word",
            "prob": 3,
            "value": "descendant::INPUT[@id=\"corpName\"]"
          },
          {
            "id": "@class/word",
            "prob": 1,
            "ordinal": [
              0,
              3
            ],
            "value": "TD.pad-2 TABLE.tab.word-5 INPUT.int-text"
          },
          {
            "id": "path/ordinal",
            "prob": 1,
            "value": "/HTML[1]/BODY[1]/TABLE[2]/TBODY[1]/TR[1]/TD[1]/FORM[1]/TABLE[1]/TBODY[1]/TR[1]/TD[1]/TABLE[1]/TBODY[1]/TR[1]/TD[2]/INPUT[1]"
          },
          {
            "id": "input/type",
            "verifyEnabled": true,
            "value": "text"
          }
        ]
      },
      "intendedRole": "textbox",
      "roles": "element,textbox",
      "monitored": true,
      "frameXPath": "",
      "componentType": "textbox"
    },
    "control55_83pvAk": {
      "location": {
        "data": {
          "tagName": "INPUT"
        },
        "userData": {
          "data": [],
          "force": false
        },
        "locators": [
          {
            "id": "elem/@name",
            "prob": 2,
            "value": [
              "descendant::form[@name=\"myForm\"]//INPUT[@name=\"industryName\"]",
              "descendant::INPUT[@name=\"industryName\"]"
            ]
          },
          {
            "id": "@class/word",
            "prob": 1,
            "ordinal": [
              1,
              3
            ],
            "value": "TD.pad-2 TABLE.tab.word-5 INPUT.int-text"
          },
          {
            "id": "path/ordinal",
            "prob": 1,
            "value": "/HTML[1]/BODY[1]/TABLE[2]/TBODY[1]/TR[1]/TD[1]/FORM[1]/TABLE[1]/TBODY[1]/TR[1]/TD[1]/TABLE[1]/TBODY[1]/TR[1]/TD[4]/INPUT[1]"
          },
          {
            "id": "input/type",
            "verifyEnabled": true,
            "value": "text"
          }
        ]
      },
      "intendedRole": "textbox",
      "roles": "element,textbox",
      "monitored": true,
      "frameXPath": "",
      "componentType": "textbox"
    },
    "control56_dI0RXV": {
      "location": {
        "data": {
          "tagName": "SELECT"
        },
        "userData": {
          "data": [],
          "force": false
        },
        "locators": [
          {
            "id": "elem/@name",
            "prob": 2,
            "value": [
              "descendant::form[@name=\"myForm\"]//SELECT[@name=\"subject\"]",
              "descendant::SELECT[@name=\"subject\"]"
            ]
          },
          {
            "id": "@id/word",
            "prob": 3,
            "value": "descendant::SELECT[@id=\"subject\"]"
          },
          {
            "id": "@class/word",
            "prob": 1,
            "ordinal": [
              0,
              2
            ],
            "value": "TD.pad-2 TABLE.tab.word-5 SELECT.selt"
          },
          {
            "id": "path/ordinal",
            "prob": 1,
            "value": "/HTML[1]/BODY[1]/TABLE[2]/TBODY[1]/TR[1]/TD[1]/FORM[1]/TABLE[1]/TBODY[1]/TR[1]/TD[1]/TABLE[1]/TBODY[1]/TR[2]/TD[2]/SELECT[1]"
          }
        ]
      },
      "intendedRole": "listbox",
      "roles": "element,listbox",
      "monitored": true,
      "frameXPath": "",
      "componentType": "listbox"
    },
    "control57_NTKZOg": {
      "location": {
        "data": {
          "tagName": "SELECT"
        },
        "userData": {
          "data": [],
          "force": false
        },
        "locators": [
          {
            "id": "elem/@name",
            "prob": 2,
            "value": [
              "descendant::form[@name=\"myForm\"]//SELECT[@name=\"status\"]",
              "descendant::SELECT[@name=\"status\"]"
            ]
          },
          {
            "id": "@id/word",
            "prob": 3,
            "value": "descendant::SELECT[@id=\"status\"]"
          },
          {
            "id": "@class/word",
            "prob": 1,
            "ordinal": [
              1,
              2
            ],
            "value": "TD.pad-2 TABLE.tab.word-5 SELECT.selt"
          },
          {
            "id": "path/ordinal",
            "prob": 1,
            "value": "/HTML[1]/BODY[1]/TABLE[2]/TBODY[1]/TR[1]/TD[1]/FORM[1]/TABLE[1]/TBODY[1]/TR[1]/TD[1]/TABLE[1]/TBODY[1]/TR[2]/TD[4]/SELECT[1]"
          }
        ]
      },
      "intendedRole": "listbox",
      "roles": "element,listbox",
      "monitored": true,
      "frameXPath": "",
      "componentType": "listbox"
    },
    "control58_9xMa4W": {
      "location": {
        "data": {
          "tagName": "INPUT"
        },
        "userData": {
          "data": [],
          "force": false
        },
        "locators": [
          {
            "id": "@id/word",
            "prob": 3,
            "value": "descendant::INPUT[@id=\"regionText\"]"
          },
          {
            "id": "@class/word",
            "prob": 1,
            "ordinal": [
              2,
              3
            ],
            "value": "TD.pad-2 TABLE.tab.word-5 INPUT.int-text"
          },
          {
            "id": "path/ordinal",
            "prob": 1,
            "value": "/HTML[1]/BODY[1]/TABLE[2]/TBODY[1]/TR[1]/TD[1]/FORM[1]/TABLE[1]/TBODY[1]/TR[1]/TD[1]/TABLE[1]/TBODY[1]/TR[3]/TD[2]/INPUT[1]"
          },
          {
            "id": "input/type",
            "verifyEnabled": true,
            "value": "text"
          }
        ]
      },
      "intendedRole": "textbox",
      "roles": "element,textbox",
      "monitored": true,
      "frameXPath": "",
      "componentType": "textbox"
    },
    "control59_5kSZk1": {
      "location": {
        "data": {
          "tagName": "SPAN"
        },
        "userData": {
          "data": [],
          "force": false
        },
        "locators": [
          {
            "id": "button/text",
            "prob": 3,
            "value": {
              "text": [
                "[清空]"
              ],
              "visText": [
                "[清空]"
              ]
            }
          },
          {
            "id": "@class/word",
            "prob": 1,
            "value": "TD.pad-2 TABLE.tab.word-5 SPAN.word-8"
          },
          {
            "id": "path/ordinal",
            "prob": 1,
            "value": "/HTML[1]/BODY[1]/TABLE[2]/TBODY[1]/TR[1]/TD[1]/FORM[1]/TABLE[1]/TBODY[1]/TR[1]/TD[1]/TABLE[1]/TBODY[1]/TR[3]/TD[2]/SPAN[1]"
          },
          {
            "id": "style/color",
            "value": [
              228,
              115,
              13
            ]
          },
          {
            "id": "elderLevel",
            "value": {
              "level": 0
            }
          }
        ]
      },
      "intendedRole": "button",
      "roles": "element,button",
      "monitored": false,
      "frameXPath": "",
      "componentType": "button"
    },
    "control60_DsJlQB": {
      "location": {
        "data": {
          "tagName": "INPUT"
        },
        "userData": {
          "data": [],
          "force": false
        },
        "locators": [
          {
            "id": "input/button/@value",
            "prob": 3,
            "value": {
              "text": [
                "查 询"
              ]
            }
          },
          {
            "id": "elem/@name",
            "prob": 2,
            "ordinal": [
              0,
              3
            ],
            "value": [
              "descendant::form[@name=\"myForm\"]//INPUT[@name=\"button\"]",
              "descendant::INPUT[@name=\"button\"]"
            ]
          },
          {
            "id": "@id/word",
            "prob": 2,
            "ordinal": [
              0,
              3
            ],
            "value": "descendant::INPUT[@id=\"button\"]"
          },
          {
            "id": "@class/word",
            "prob": 1,
            "value": "TD.pad-2 TABLE.tab.word-5 INPUT.intbut-1"
          },
          {
            "id": "path/ordinal",
            "prob": 1,
            "value": "/HTML[1]/BODY[1]/TABLE[2]/TBODY[1]/TR[1]/TD[1]/FORM[1]/TABLE[1]/TBODY[1]/TR[1]/TD[1]/TABLE[1]/TBODY[1]/TR[4]/TD[1]/INPUT[1]"
          },
          {
            "id": "input/type",
            "verifyEnabled": true,
            "value": "button"
          }
        ]
      },
      "intendedRole": "button",
      "roles": "element,button",
      "monitored": false,
      "frameXPath": "",
      "componentType": "button"
    },
    "control61_nKCdsF": {
      "location": {
        "data": {
          "tagName": "TBODY"
        },
        "userData": {
          "data": [],
          "force": false
        },
        "locators": [
          {
            "id": "@class/word",
            "prob": 1,
            "ordinal": [
              1,
              2
            ],
            "value": "TABLE.border-1 TD.pad-2 TABLE.tab TBODY"
          },
          {
            "id": "path/ordinal",
            "prob": 1,
            "value": "/HTML[1]/BODY[1]/TABLE[2]/TBODY[1]/TR[1]/TD[1]/FORM[1]/TABLE[3]/TBODY[1]/TR[1]/TD[1]/TABLE[1]/TBODY[1]"
          }
        ]
      },
      "events": {
        "onGetData": "getData_control61_nKCdsF"
      },
      "intendedRole": "custom",
      "roles": "element,custom",
      "monitored": true,
      "frameXPath": "",
      "componentType": "custom"
    },
    "control62_Dm9oeE": {
      "location": {
        "data": {
          "tagName": "SPAN"
        },
        "userData": {
          "data": [],
          "force": false
        },
        "locators": [
          {
            "id": "text",
            "prob": 3,
            "ordinal": [
              1,
              2
            ],
            "value": {
              "text": [
                "查询结果"
              ],
              "visText": [
                "查询结果"
              ]
            }
          },
          {
            "id": "@class/word",
            "prob": 1,
            "ordinal": [
              1,
              2
            ],
            "value": "TD.tab-tit SPAN.span-1 SPAN.word-2"
          },
          {
            "id": "path/ordinal",
            "prob": 1,
            "value": "/HTML[1]/BODY[1]/TABLE[2]/TBODY[1]/TR[1]/TD[1]/FORM[1]/TABLE[2]/TBODY[1]/TR[1]/TD[1]/SPAN[1]/SPAN[1]"
          },
          {
            "id": "elderLevel",
            "value": {
              "level": 0
            }
          }
        ]
      },
      "roles": "element",
      "content": true,
      "monitored": false,
      "frameXPath": "",
      "componentType": "content"
    }
  },
  "contexts": {
    "context7_b7ppvJ": {
      "controls": [
        "control46_cFAFcT",
        "control49_OBLTZQ",
        "control50_O8GNA4",
        "control51_UVlP6r",
        "control52_2ydkQ7",
        "control53_MqpLSN",
        "control54_R3RPz7",
        "control55_83pvAk",
        "control56_dI0RXV",
        "control57_NTKZOg",
        "control58_9xMa4W",
        "control59_5kSZk1",
        "control60_DsJlQB",
        "control61_nKCdsF",
        "control62_Dm9oeE"
      ],
      "anchors": [],
      "urlAnchor": []
    }
  },
  "flows": {
    "flow31_CFC07R": {
      "toContexts": [
        {
          "toContextId": "context7_b7ppvJ"
        }
      ]
    },
    "flow33_p8olWU": {
      "fromContextId": "context7_b7ppvJ",
      "fromAction": "click",
      "fromControlId": "control56_dI0RXV",
      "toContexts": [
        {
          "toContextId": "context7_b7ppvJ"
        }
      ]
    },
    "flow48_donaE3": {
      "fromContextId": "context7_b7ppvJ",
      "fromAction": "doAction",
      "fromControlId": "control61_nKCdsF",
      "toContexts": [
        {
          "toContextId": "context7_b7ppvJ"
        }
      ]
    }
  },
  "pages": {
    "page7_FWN0ry": {
      "contextId": "context7_b7ppvJ",
      "layout": [
        {
          "id": "uiControl56_VF89TE",
          "display": {
            "title": "查询结果",
            "type": "header",
            "adapterId": "header",
            "adapter": {
              "templateType": ""
            }
          },
          "layout": [
            {
              "id": "uiControl56_VF89TEheaderLeft",
              "display": {
                "type": "headerLeft",
                "adapterId": "headerLeft",
                "adapter": {
                  "templateType": ""
                }
              },
              "layout": [
                {
                  "id": "uiControl60_HopOHs",
                  "controlId": "control46_cFAFcT",
                  "display": {
                    "adapterId": "clickable",
                    "type": "button",
                    "text": "返回",
                    "adapter": {
                      "templateType": ""
                    }
                  }
                }
              ]
            },
            {
              "id": "uiControl56_VF89TEheaderRight",
              "display": {
                "type": "headerRight",
                "adapterId": "headerRight",
                "adapter": {
                  "templateType": ""
                }
              },
              "layout": []
            }
          ]
        },
        {
          "id": "uiControl61_BrKwTP",
          "display": {
            "type": "card",
            "adapterId": "card",
            "adapter": {
              "templateType": ""
            }
          },
          "layout": [
            {
              "id": "uiControl61_BrKwTPheader",
              "display": {
                "type": "cardHeader",
                "text": "",
                "adapterId": "cardHeader",
                "adapter": {
                  "templateType": ""
                }
              },
              "layout": []
            },
            {
              "id": "uiControl61_BrKwTPbody",
              "display": {
                "type": "cardBody",
                "adapterId": "cardBody",
                "adapter": {
                  "templateType": ""
                }
              },
              "layout": [
                {
                  "id": "uiControl63_27U0f8",
                  "display": {
                    "type": "dialog",
                    "adapterId": "dialog",
                    "actionsButtonText": "查询条件",
                    "adapter": {
                      "templateType": ""
                    }
                  },
                  "layout": [
                    {
                      "id": "uiControl63_27U0f8body",
                      "display": {
                        "type": "dialogBody",
                        "adapterId": "dialogBody",
                        "adapter": {
                          "templateType": ""
                        }
                      },
                      "layout": [
                        {
                          "id": "uiControl67_zimsuG",
                          "controlId": "control49_OBLTZQ",
                          "display": {
                            "adapterId": "content",
                            "type": "content",
                            "adapter": {
                              "templateType": ""
                            }
                          }
                        },
                        {
                          "id": "uiControl72_E9ISfq",
                          "controlId": "control54_R3RPz7",
                          "display": {
                            "adapterId": "textbox",
                            "type": "textbox",
                            "adapter": {
                              "templateType": ""
                            }
                          }
                        },
                        {
                          "id": "uiControl68_10EIof",
                          "controlId": "control50_O8GNA4",
                          "display": {
                            "adapterId": "content",
                            "type": "content",
                            "adapter": {
                              "templateType": ""
                            }
                          }
                        },
                        {
                          "id": "uiControl73_EhOz5O",
                          "controlId": "control55_83pvAk",
                          "display": {
                            "adapterId": "textbox",
                            "type": "textbox",
                            "adapter": {
                              "templateType": ""
                            }
                          }
                        },
                        {
                          "id": "uiControl69_p8XtVB",
                          "controlId": "control51_UVlP6r",
                          "display": {
                            "adapterId": "content",
                            "type": "content",
                            "adapter": {
                              "templateType": ""
                            }
                          }
                        },
                        {
                          "id": "uiControl74_8olLWg",
                          "controlId": "control56_dI0RXV",
                          "display": {
                            "adapterId": "listbox",
                            "type": "listbox",
                            "adapter": {
                              "templateType": ""
                            }
                          }
                        },
                        {
                          "id": "uiControl70_81ZpRf",
                          "controlId": "control52_2ydkQ7",
                          "display": {
                            "adapterId": "content",
                            "type": "content",
                            "adapter": {
                              "templateType": ""
                            }
                          }
                        },
                        {
                          "id": "uiControl75_3T3DL7",
                          "controlId": "control57_NTKZOg",
                          "display": {
                            "adapterId": "listbox",
                            "type": "listbox",
                            "adapter": {
                              "templateType": ""
                            }
                          }
                        },
                        {
                          "id": "uiControl71_PiiUiF",
                          "controlId": "control53_MqpLSN",
                          "display": {
                            "adapterId": "content",
                            "type": "content",
                            "adapter": {
                              "templateType": ""
                            }
                          }
                        },
                        {
                          "id": "uiControl76_iOGFLn",
                          "controlId": "control58_9xMa4W",
                          "display": {
                            "adapterId": "textbox",
                            "type": "textbox",
                            "adapter": {
                              "templateType": ""
                            }
                          }
                        },
                        {
                          "id": "uiControl77_Q7TUFi",
                          "controlId": "control59_5kSZk1",
                          "display": {
                            "adapterId": "clickable",
                            "type": "button",
                            "amStyle": "warning",
                            "amSize": "xs",
                            "adapter": {
                              "templateType": ""
                            }
                          }
                        },
                        {
                          "id": "uiControl78_s2RVKS",
                          "controlId": "control60_DsJlQB",
                          "display": {
                            "adapterId": "clickable",
                            "type": "button",
                            "amStyle": "secondary",
                            "amSize": "xs",
                            "adapter": {
                              "templateType": ""
                            }
                          }
                        }
                      ]
                    },
                    {
                      "id": "uiControl63_27U0f8footer",
                      "display": {
                        "type": "dialogFooter",
                        "adapterId": "dialogFooter",
                        "adapter": {
                          "templateType": ""
                        }
                      },
                      "layout": []
                    }
                  ]
                },
                {
                  "id": "uiControl80_GspBBR",
                  "display": {
                    "type": "divider",
                    "adapterId": "divider",
                    "adapter": {
                      "templateType": ""
                    }
                  }
                },
                {
                  "id": "uiControl81_s8hP2M",
                  "controlId": "control62_Dm9oeE",
                  "display": {
                    "adapterId": "content",
                    "type": "content",
                    "class": "f12",
                    "adapter": {
                      "templateType": ""
                    }
                  }
                },
                {
                  "id": "uiControl79_yUZmXc",
                  "controlId": "control61_nKCdsF",
                  "display": {
                    "adapterId": "custom",
                    "type": "custom",
                    "adapter": {
                      "templateType": "react",
                      "events": {
                        "onDoAction": "doAction_uiControl79_yUZmXc",
                        "onGetTemplate": "getTemplate_uiControl79_yUZmXc"
                      }
                    }
                  }
                }
              ]
            },
            {
              "id": "uiControl61_BrKwTPfooter",
              "display": {
                "type": "cardFooter",
                "adapterId": "cardFooter",
                "adapter": {
                  "templateType": ""
                }
              },
              "layout": []
            }
          ]
        }
      ]
    }
  },
  "matchers": {
    "page/title": {
      "contexts": {
        "context7_b7ppvJ": [
          "宁夏回族自治区安全生产综合监管信息平台"
        ]
      }
    },
    "page/urls": {
      "contexts": {
        "context7_b7ppvJ": [
          "218.95.181.41:8081/ajjwork/main/xzzf/checkPlan.do?method=companyinfoList"
        ]
      }
    },
    "page/ids": {
      "contexts": {
        "context7_b7ppvJ": [
          [
            "_myDP",
            "_selectDiv",
            "_tree",
            "button",
            "corpName",
            "industryCode",
            "industryList",
            "regionId",
            "regionText",
            "status",
            "subject"
          ]
        ]
      }
    },
    "page/classes": {
      "contexts": {
        "context7_b7ppvJ": [
          [
            "border-",
            "dialog-content",
            "easyui-linkbutton",
            "icon-cancel",
            "icon-ok",
            "icon-search",
            "input",
            "input_txt",
            "int-text",
            "intbut-",
            "l-btn",
            "l-btn-left",
            "l-btn-text",
            "listTable_page",
            "mar-",
            "pad-",
            "page",
            "pagination",
            "panel",
            "panel-body",
            "panel-body-noborder",
            "panel-body-noheader",
            "panel-header",
            "panel-header-noborder",
            "panel-icon",
            "panel-title",
            "panel-tool",
            "panel-tool-close",
            "panel-with-icon",
            "selt",
            "span-",
            "tab",
            "tab-tit",
            "table-line",
            "tdcolor-",
            "window",
            "window-body",
            "window-header",
            "window-shadow",
            "word-",
            "ztree"
          ]
        ]
      }
    },
    "page/tagTriplets": {
      "contexts": {
        "context7_b7ppvJ": [
          [
            "-/-/DIV",
            "-/-/TABLE",
            "-/DIV/DIV",
            "-/DIV/IFRAME",
            "-/TABLE/TBODY",
            "A/SPAN/SPAN",
            "DIV/A/SPAN",
            "DIV/DIV/A",
            "DIV/DIV/DIV",
            "FORM/TABLE/TBODY",
            "TABLE/TBODY/TR",
            "TBODY/TR/FORM",
            "TBODY/TR/TD",
            "TD/FORM/INPUT-hidden",
            "TD/FORM/SCRIPT",
            "TD/FORM/TABLE",
            "TD/SELECT/OPTION",
            "TD/SPAN/IMG",
            "TD/SPAN/SPAN",
            "TD/TABLE/TBODY",
            "TD/UL/BUTTON",
            "TD/UL/INPUT-button",
            "TD/UL/INPUT-text",
            "TR/TD/FORM",
            "TR/TD/INPUT-button",
            "TR/TD/INPUT-hidden",
            "TR/TD/INPUT-radio",
            "TR/TD/INPUT-text",
            "TR/TD/SELECT",
            "TR/TD/SPAN",
            "TR/TD/TABLE",
            "TR/TD/UL"
          ]
        ]
      }
    }
  }
}