{
  "version": "0.1",
  "id": "caiwu",
  "targetURL": "http://172.16.100.150:9799/jqreport/jqr",
  "jsFile": "index.js",
  "chineseName": "财务",
  "description": "",
  "firstPaintEnable": false,
  "controls": {
    "control13_AGCBoW": {
      "location": {
        "data": {
          "tagName": "DIV"
        },
        "userData": {
          "data": [],
          "force": false
        },
        "locators": [
          {
            "id": "@id/nonWord",
            "prob": 1,
            "disabled": true,
            "fact": "_e_458",
            "value": "descendant::DIV[@id=\"_e_458\"]/DIV[1]/DIV[1]/DIV[1]"
          },
          {
            "id": "path/ordinal",
            "prob": 1,
            "value": "/HTML[1]/BODY[1]/DIV[2]/DIV[1]/DIV[1]/DIV[1]/DIV[1]/DIV[1]/DIV[1]/DIV[1]"
          }
        ]
      },
      "roles": "element",
      "text": "",
      "frameXPath": "//iframe[contains(@id,'_e_')]<<IFRAME>>//iframe[contains(@id,'_e_')]<<IFRAME>>",
      "customJS": "if(elem.querySelectorAll(\"div\")[0].style.height==\"1455px\"){return true;}else{return false;}"
    },
    "control15_QBtQsq": {
      "location": {
        "data": {},
        "userData": {
          "data": [],
          "force": false
        },
        "locators": []
      },
      "roles": "",
      "monitored": false,
      "componentType": "none"
    },
    "control9_D3UATa": {
      "location": {
        "data": {
          "tagName": "DIV"
        },
        "userData": {
          "data": [],
          "force": false
        },
        "locators": [
          {
            "id": "@id/nonWord",
            "prob": 1,
            "disabled": true,
            "fact": "_e_458",
            "value": "descendant::DIV[@id=\"_e_458\"]/DIV[1]/DIV[1]/DIV[1]"
          },
          {
            "id": "path/ordinal",
            "prob": 1,
            "value": "/HTML[1]/BODY[1]/DIV[2]/DIV[1]/DIV[1]/DIV[1]/DIV[1]/DIV[1]/DIV[1]/DIV[1]"
          }
        ]
      },
      "events": {
        "onGetData": "getData_control9_D3UATa"
      },
      "intendedRole": "custom",
      "roles": "element,custom",
      "monitored": true,
      "frameXPath": "//iframe[contains(@id,'_e_')]<<IFRAME>>//iframe[contains(@id,'_e_')]<<IFRAME>>",
      "componentType": "custom"
    },
    "control19_oK8DN1": {
      "location": {
        "data": {
          "tagName": "CANVAS"
        },
        "userData": {
          "data": [],
          "force": false
        },
        "locators": [
          {
            "id": "@id/nonWord",
            "prob": 1,
            "disabled": true,
            "fact": "_e_458",
            "value": "descendant::DIV[@id=\"_e_458\"]/DIV[1]/DIV[1]/DIV[3]/DIV[1]/CANVAS[5]"
          },
          {
            "id": "path/ordinal",
            "prob": 1,
            "value": "/HTML[1]/BODY[1]/DIV[2]/DIV[1]/DIV[1]/DIV[1]/DIV[1]/DIV[1]/DIV[1]/DIV[3]/DIV[1]/CANVAS[5]"
          },
          {
            "id": "elderLevel",
            "value": {
              "level": 0
            }
          }
        ]
      },
      "events": {
        "onGetData": "getData_control19_oK8DN1"
      },
      "intendedRole": "custom",
      "roles": "element,custom",
      "monitored": false,
      "frameXPath": "//iframe[contains(@id,'_e_')]<<IFRAME>>//iframe[contains(@id,'_e_')]<<IFRAME>>",
      "componentType": "custom"
    },
    "control22_8TIIAH": {
      "location": {
        "data": {
          "tagName": "CANVAS"
        },
        "userData": {
          "data": [],
          "force": false
        },
        "locators": [
          {
            "id": "@id/nonWord",
            "prob": 1,
            "disabled": true,
            "fact": "_e_458",
            "value": "descendant::DIV[@id=\"_e_458\"]/DIV[1]/DIV[1]/DIV[3]/DIV[1]/CANVAS[5]"
          },
          {
            "id": "path/ordinal",
            "prob": 1,
            "value": "/HTML[1]/BODY[1]/DIV[2]/DIV[1]/DIV[1]/DIV[1]/DIV[1]/DIV[1]/DIV[1]/DIV[3]/DIV[1]/CANVAS[5]"
          },
          {
            "id": "elderLevel",
            "value": {
              "level": 0
            }
          }
        ]
      },
      "events": {
        "onGetData": "getData_control22_8TIIAH"
      },
      "intendedRole": "custom",
      "roles": "element,custom",
      "ignoreVisibility": true,
      "monitored": true,
      "frameXPath": "//iframe[contains(@id,'_e_')]<<IFRAME>>//iframe[contains(@id,'_e_')]<<IFRAME>>",
      "componentType": "custom"
    },
    "control21_Nq6ya5": {
      "location": {
        "data": {
          "tagName": "CANVAS"
        },
        "userData": {
          "data": [],
          "force": false
        },
        "locators": [
          {
            "id": "@id/nonWord",
            "prob": 1,
            "disabled": true,
            "fact": "_e_458",
            "value": "descendant::DIV[@id=\"_e_458\"]/DIV[1]/DIV[1]/DIV[3]/DIV[1]/CANVAS[5]"
          },
          {
            "id": "path/ordinal",
            "prob": 1,
            "value": "/HTML[1]/BODY[1]/DIV[2]/DIV[1]/DIV[1]/DIV[1]/DIV[1]/DIV[1]/DIV[1]/DIV[3]/DIV[1]/CANVAS[5]"
          },
          {
            "id": "elderLevel",
            "value": {
              "level": 0
            }
          }
        ]
      },
      "events": {
        "onGetData": "getData_control21_Nq6ya5"
      },
      "intendedRole": "custom",
      "roles": "element,custom",
      "monitored": false,
      "frameXPath": "//iframe[contains(@id,'_e_')]<<IFRAME>>//iframe[contains(@id,'_e_')]<<IFRAME>>",
      "componentType": "custom"
    },
    "control23_Nu9g3A": {
      "location": {
        "data": {
          "tagName": "CANVAS"
        },
        "userData": {
          "data": [],
          "force": false
        },
        "locators": [
          {
            "id": "@id/nonWord",
            "prob": 1,
            "disabled": true,
            "fact": "_e_458",
            "value": "descendant::DIV[@id=\"_e_458\"]/DIV[1]/DIV[1]/DIV[3]/DIV[1]/CANVAS[5]"
          },
          {
            "id": "path/ordinal",
            "prob": 1,
            "value": "/HTML[1]/BODY[1]/DIV[2]/DIV[1]/DIV[1]/DIV[1]/DIV[1]/DIV[1]/DIV[1]/DIV[3]/DIV[1]/CANVAS[5]"
          },
          {
            "id": "elderLevel",
            "value": {
              "level": 0
            }
          }
        ]
      },
      "events": {
        "onGetData": "getData_control23_Nu9g3A"
      },
      "intendedRole": "custom",
      "roles": "element,custom",
      "ignoreVisibility": true,
      "monitored": true,
      "frameXPath": "//iframe[contains(@id,'_e_')]<<IFRAME>>//iframe[contains(@id,'_e_')]<<IFRAME>>",
      "componentType": "custom"
    },
    "control24_n7Duz4": {
      "location": {
        "data": {
          "tagName": "CANVAS"
        },
        "userData": {
          "data": [],
          "force": false
        },
        "locators": [
          {
            "id": "@id/nonWord",
            "prob": 1,
            "disabled": true,
            "fact": "_e_458",
            "value": "descendant::DIV[@id=\"_e_458\"]/DIV[1]/DIV[1]/DIV[3]/DIV[1]/CANVAS[5]"
          },
          {
            "id": "path/ordinal",
            "prob": 1,
            "value": "/HTML[1]/BODY[1]/DIV[2]/DIV[1]/DIV[1]/DIV[1]/DIV[1]/DIV[1]/DIV[1]/DIV[3]/DIV[1]/CANVAS[5]"
          },
          {
            "id": "elderLevel",
            "value": {
              "level": 0
            }
          }
        ]
      },
      "events": {
        "onGetData": "getData_control24_n7Duz4"
      },
      "intendedRole": "custom",
      "roles": "element,custom",
      "monitored": false,
      "frameXPath": "//iframe[contains(@id,'_e_')]<<IFRAME>>//iframe[contains(@id,'_e_')]<<IFRAME>>",
      "componentType": "custom"
    },
    "control25_1olcg6": {
      "location": {
        "data": {
          "tagName": "CANVAS"
        },
        "userData": {
          "data": [],
          "force": false
        },
        "locators": [
          {
            "id": "@id/nonWord",
            "prob": 1,
            "disabled": true,
            "fact": "_e_458",
            "value": "descendant::DIV[@id=\"_e_458\"]/DIV[1]/DIV[1]/DIV[3]/DIV[1]/CANVAS[5]"
          },
          {
            "id": "path/ordinal",
            "prob": 1,
            "value": "/HTML[1]/BODY[1]/DIV[2]/DIV[1]/DIV[1]/DIV[1]/DIV[1]/DIV[1]/DIV[1]/DIV[3]/DIV[1]/CANVAS[5]"
          },
          {
            "id": "elderLevel",
            "value": {
              "level": 0
            }
          }
        ]
      },
      "events": {
        "onGetData": "getData_control25_1olcg6"
      },
      "intendedRole": "custom",
      "roles": "element,custom",
      "monitored": true,
      "frameXPath": "//iframe[contains(@id,'_e_')]<<IFRAME>>//iframe[contains(@id,'_e_')]<<IFRAME>>",
      "componentType": "custom"
    },
    "control26_aMgdJ9": {
      "location": {
        "data": {
          "tagName": "CANVAS"
        },
        "userData": {
          "data": [],
          "force": false
        },
        "locators": [
          {
            "id": "@id/nonWord",
            "prob": 1,
            "disabled": true,
            "fact": "_e_458",
            "value": "descendant::DIV[@id=\"_e_458\"]/DIV[1]/DIV[1]/DIV[3]/DIV[1]/CANVAS[5]"
          },
          {
            "id": "path/ordinal",
            "prob": 1,
            "value": "/HTML[1]/BODY[1]/DIV[2]/DIV[1]/DIV[1]/DIV[1]/DIV[1]/DIV[1]/DIV[1]/DIV[3]/DIV[1]/CANVAS[5]"
          },
          {
            "id": "elderLevel",
            "value": {
              "level": 0
            }
          }
        ]
      },
      "events": {
        "onGetData": "getData_control26_aMgdJ9"
      },
      "intendedRole": "custom",
      "roles": "element,custom",
      "monitored": false,
      "frameXPath": "//iframe[contains(@id,'_e_')]<<IFRAME>>//iframe[contains(@id,'_e_')]<<IFRAME>>",
      "componentType": "custom"
    },
    "control27_InWIH8": {
      "location": {
        "data": {
          "tagName": "CANVAS"
        },
        "userData": {
          "data": [],
          "force": false
        },
        "locators": [
          {
            "id": "@id/nonWord",
            "prob": 1,
            "disabled": true,
            "fact": "_e_458",
            "value": "descendant::DIV[@id=\"_e_458\"]/DIV[1]/DIV[1]/DIV[3]/DIV[1]/CANVAS[5]"
          },
          {
            "id": "path/ordinal",
            "prob": 1,
            "value": "/HTML[1]/BODY[1]/DIV[2]/DIV[1]/DIV[1]/DIV[1]/DIV[1]/DIV[1]/DIV[1]/DIV[3]/DIV[1]/CANVAS[5]"
          },
          {
            "id": "elderLevel",
            "value": {
              "level": 0
            }
          }
        ]
      },
      "events": {
        "onGetData": "getData_control27_InWIH8"
      },
      "intendedRole": "custom",
      "roles": "element,custom",
      "monitored": true,
      "frameXPath": "//iframe[contains(@id,'_e_')]<<IFRAME>>//iframe[contains(@id,'_e_')]<<IFRAME>>",
      "componentType": "custom"
    },
    "control28_i8BiOn": {
      "location": {
        "data": {
          "tagName": "CANVAS"
        },
        "userData": {
          "data": [],
          "force": false
        },
        "locators": [
          {
            "id": "@id/nonWord",
            "prob": 1,
            "disabled": true,
            "fact": "_e_458",
            "value": "descendant::DIV[@id=\"_e_458\"]/DIV[1]/DIV[1]/DIV[3]/DIV[1]/CANVAS[5]"
          },
          {
            "id": "path/ordinal",
            "prob": 1,
            "value": "/HTML[1]/BODY[1]/DIV[2]/DIV[1]/DIV[1]/DIV[1]/DIV[1]/DIV[1]/DIV[1]/DIV[3]/DIV[1]/CANVAS[5]"
          },
          {
            "id": "elderLevel",
            "value": {
              "level": 0
            }
          }
        ]
      },
      "events": {
        "onGetData": "getData_control28_i8BiOn"
      },
      "intendedRole": "custom",
      "roles": "element,custom",
      "monitored": false,
      "frameXPath": "//iframe[contains(@id,'_e_')]<<IFRAME>>//iframe[contains(@id,'_e_')]<<IFRAME>>",
      "componentType": "custom"
    },
    "control30_ZxDLoh": {
      "location": {
        "data": {
          "tagName": "CANVAS"
        },
        "userData": {
          "data": [],
          "force": false
        },
        "locators": [
          {
            "id": "@id/nonWord",
            "prob": 1,
            "disabled": true,
            "fact": "_e_458",
            "value": "descendant::DIV[@id=\"_e_458\"]/DIV[1]/DIV[1]/DIV[3]/DIV[1]/CANVAS[5]"
          },
          {
            "id": "path/ordinal",
            "prob": 1,
            "value": "/HTML[1]/BODY[1]/DIV[2]/DIV[1]/DIV[1]/DIV[1]/DIV[1]/DIV[1]/DIV[1]/DIV[3]/DIV[1]/CANVAS[5]"
          },
          {
            "id": "elderLevel",
            "value": {
              "level": 0
            }
          }
        ]
      },
      "events": {
        "onGetData": "getData_control30_ZxDLoh"
      },
      "intendedRole": "custom",
      "roles": "element,custom",
      "monitored": true,
      "frameXPath": "//iframe[contains(@id,'_e_')]<<IFRAME>>//iframe[contains(@id,'_e_')]<<IFRAME>>",
      "componentType": "custom"
    },
    "control32_xxNB82": {
      "location": {
        "data": {
          "tagName": "TD"
        },
        "userData": {
          "data": [],
          "force": false
        },
        "locators": [
          {
            "id": "@id/nonWord",
            "prob": 1,
            "disabled": true,
            "fact": "_e_289",
            "value": "descendant::TD[@id=\"_e_289\"]/TABLE[1]/TBODY[1]/TR[1]/TD[2]"
          },
          {
            "id": "path/ordinal",
            "prob": 1,
            "value": "/HTML[1]/BODY[1]/DIV[2]/DIV[1]/DIV[1]/DIV[2]/DIV[1]/DIV[1]/DIV[1]/TABLE[1]/TBODY[1]/TR[1]/TD[2]/TABLE[1]/TBODY[1]/TR[1]/TD[2]"
          }
        ]
      },
      "intendedRole": "header",
      "roles": "element,header",
      "monitored": false,
      "frameXPath": "//iframe[contains(@id,'_e_')]<<IFRAME>>//iframe[contains(@id,'_e_')]<<IFRAME>>",
      "componentType": "header"
    },
    "control33_zrExq8": {
      "location": {
        "data": {
          "tagName": "CANVAS"
        },
        "userData": {
          "data": [],
          "force": false
        },
        "locators": [
          {
            "id": "@id/nonWord",
            "prob": 1,
            "disabled": true,
            "fact": "_e_458",
            "value": "descendant::DIV[@id=\"_e_458\"]/DIV[1]/DIV[1]/DIV[3]/DIV[1]/CANVAS[5]"
          },
          {
            "id": "path/ordinal",
            "prob": 1,
            "value": "/HTML[1]/BODY[1]/DIV[2]/DIV[1]/DIV[1]/DIV[1]/DIV[1]/DIV[1]/DIV[1]/DIV[3]/DIV[1]/CANVAS[5]"
          },
          {
            "id": "elderLevel",
            "value": {
              "level": 0
            }
          }
        ]
      },
      "events": {
        "onGetData": "getData_control33_zrExq8"
      },
      "intendedRole": "custom",
      "roles": "element,custom",
      "monitored": true,
      "frameXPath": "//iframe[contains(@id,'_e_')]<<IFRAME>>//iframe[contains(@id,'_e_')]<<IFRAME>>",
      "componentType": "custom"
    },
    "control34_5AhbnL": {
      "location": {
        "data": {
          "tagName": "CANVAS"
        },
        "userData": {
          "data": [],
          "force": false
        },
        "locators": [
          {
            "id": "@id/nonWord",
            "prob": 1,
            "disabled": true,
            "fact": "_e_458",
            "value": "descendant::DIV[@id=\"_e_458\"]/DIV[1]/DIV[1]/DIV[3]/DIV[1]/CANVAS[5]"
          },
          {
            "id": "path/ordinal",
            "prob": 1,
            "value": "/HTML[1]/BODY[1]/DIV[2]/DIV[1]/DIV[1]/DIV[1]/DIV[1]/DIV[1]/DIV[1]/DIV[3]/DIV[1]/CANVAS[5]"
          },
          {
            "id": "elderLevel",
            "value": {
              "level": 0
            }
          }
        ]
      },
      "events": {
        "onGetData": "getData_control34_5AhbnL"
      },
      "intendedRole": "custom",
      "roles": "element,custom",
      "monitored": true,
      "frameXPath": "//iframe[contains(@id,'_e_')]<<IFRAME>>//iframe[contains(@id,'_e_')]<<IFRAME>>",
      "componentType": "custom"
    },
    "control35_swZwhF": {
      "location": {
        "data": {
          "tagName": "CANVAS"
        },
        "userData": {
          "data": [],
          "force": false
        },
        "locators": [
          {
            "id": "@id/nonWord",
            "prob": 1,
            "disabled": true,
            "fact": "_e_458",
            "value": "descendant::DIV[@id=\"_e_458\"]/DIV[1]/DIV[1]/DIV[3]/DIV[1]/CANVAS[5]"
          },
          {
            "id": "path/ordinal",
            "prob": 1,
            "value": "/HTML[1]/BODY[1]/DIV[2]/DIV[1]/DIV[1]/DIV[1]/DIV[1]/DIV[1]/DIV[1]/DIV[3]/DIV[1]/CANVAS[5]"
          },
          {
            "id": "elderLevel",
            "value": {
              "level": 0
            }
          }
        ]
      },
      "events": {
        "onGetData": "getData_control35_swZwhF"
      },
      "intendedRole": "custom",
      "roles": "element,custom",
      "monitored": true,
      "frameXPath": "//iframe[contains(@id,'_e_')]<<IFRAME>>//iframe[contains(@id,'_e_')]<<IFRAME>>",
      "componentType": "custom"
    },
    "control36_cbwwDo": {
      "location": {
        "data": {
          "tagName": "CANVAS"
        },
        "userData": {
          "data": [],
          "force": false
        },
        "locators": [
          {
            "id": "@id/nonWord",
            "prob": 1,
            "disabled": true,
            "fact": "_e_458",
            "value": "descendant::DIV[@id=\"_e_458\"]/DIV[1]/DIV[1]/DIV[3]/DIV[1]/CANVAS[5]"
          },
          {
            "id": "path/ordinal",
            "prob": 1,
            "value": "/HTML[1]/BODY[1]/DIV[2]/DIV[1]/DIV[1]/DIV[1]/DIV[1]/DIV[1]/DIV[1]/DIV[3]/DIV[1]/CANVAS[5]"
          },
          {
            "id": "elderLevel",
            "value": {
              "level": 0
            }
          }
        ]
      },
      "events": {
        "onGetData": "getData_control36_cbwwDo"
      },
      "intendedRole": "custom",
      "roles": "element,custom",
      "monitored": true,
      "frameXPath": "//iframe[contains(@id,'_e_')]<<IFRAME>>//iframe[contains(@id,'_e_')]<<IFRAME>>",
      "componentType": "custom"
    },
    "control37_gnxZpA": {
      "location": {
        "data": {
          "tagName": "CANVAS"
        },
        "userData": {
          "data": [],
          "force": false
        },
        "locators": [
          {
            "id": "@id/nonWord",
            "prob": 1,
            "disabled": true,
            "fact": "_e_458",
            "value": "descendant::DIV[@id=\"_e_458\"]/DIV[1]/DIV[1]/DIV[3]/DIV[1]/CANVAS[5]"
          },
          {
            "id": "path/ordinal",
            "prob": 1,
            "value": "/HTML[1]/BODY[1]/DIV[2]/DIV[1]/DIV[1]/DIV[1]/DIV[1]/DIV[1]/DIV[1]/DIV[3]/DIV[1]/CANVAS[5]"
          },
          {
            "id": "elderLevel",
            "value": {
              "level": 0
            }
          }
        ]
      },
      "events": {
        "onGetData": "getData_control37_gnxZpA"
      },
      "intendedRole": "custom",
      "roles": "element,custom",
      "monitored": true,
      "frameXPath": "//iframe[contains(@id,'_e_')]<<IFRAME>>//iframe[contains(@id,'_e_')]<<IFRAME>>",
      "componentType": "custom"
    },
    "control38_MMMc0M": {
      "location": {
        "data": {
          "tagName": "CANVAS"
        },
        "userData": {
          "data": [],
          "force": false
        },
        "locators": [
          {
            "id": "@id/nonWord",
            "prob": 1,
            "disabled": true,
            "fact": "_e_458",
            "value": "descendant::DIV[@id=\"_e_458\"]/DIV[1]/DIV[1]/DIV[3]/DIV[1]/CANVAS[5]"
          },
          {
            "id": "path/ordinal",
            "prob": 1,
            "value": "/HTML[1]/BODY[1]/DIV[2]/DIV[1]/DIV[1]/DIV[1]/DIV[1]/DIV[1]/DIV[1]/DIV[3]/DIV[1]/CANVAS[5]"
          },
          {
            "id": "elderLevel",
            "value": {
              "level": 0
            }
          }
        ]
      },
      "events": {
        "onGetData": "getData_control38_MMMc0M"
      },
      "intendedRole": "custom",
      "roles": "element,custom",
      "monitored": true,
      "frameXPath": "//iframe[contains(@id,'_e_')]<<IFRAME>>//iframe[contains(@id,'_e_')]<<IFRAME>>",
      "componentType": "custom"
    },
    "control39_yr4eTA": {
      "location": {
        "data": {
          "tagName": "CANVAS"
        },
        "userData": {
          "data": [],
          "force": false
        },
        "locators": [
          {
            "id": "@id/nonWord",
            "prob": 1,
            "disabled": true,
            "fact": "_e_458",
            "value": "descendant::DIV[@id=\"_e_458\"]/DIV[1]/DIV[1]/DIV[3]/DIV[1]/CANVAS[5]"
          },
          {
            "id": "path/ordinal",
            "prob": 1,
            "value": "/HTML[1]/BODY[1]/DIV[2]/DIV[1]/DIV[1]/DIV[1]/DIV[1]/DIV[1]/DIV[1]/DIV[3]/DIV[1]/CANVAS[5]"
          },
          {
            "id": "elderLevel",
            "value": {
              "level": 0
            }
          }
        ]
      },
      "events": {
        "onGetData": "getData_control39_yr4eTA"
      },
      "intendedRole": "custom",
      "roles": "element,custom",
      "monitored": true,
      "frameXPath": "//iframe[contains(@id,'_e_')]<<IFRAME>>//iframe[contains(@id,'_e_')]<<IFRAME>>",
      "componentType": "custom"
    },
    "control29_bEpiio": {
      "location": {
        "data": {
          "tagName": "CANVAS"
        },
        "userData": {
          "data": [],
          "force": false
        },
        "locators": [
          {
            "id": "@id/nonWord",
            "prob": 1,
            "disabled": true,
            "fact": "_e_458",
            "value": "descendant::DIV[@id=\"_e_458\"]/DIV[1]/DIV[1]/DIV[3]/DIV[1]/CANVAS[5]"
          },
          {
            "id": "path/ordinal",
            "prob": 1,
            "value": "/HTML[1]/BODY[1]/DIV[2]/DIV[1]/DIV[1]/DIV[1]/DIV[1]/DIV[1]/DIV[1]/DIV[3]/DIV[1]/CANVAS[5]"
          },
          {
            "id": "elderLevel",
            "value": {
              "level": 0
            }
          }
        ]
      },
      "events": {
        "onGetData": "getData_control29_bEpiio"
      },
      "intendedRole": "custom",
      "roles": "element,custom",
      "monitored": true,
      "frameXPath": "//iframe[contains(@id,'_e_')]<<IFRAME>>//iframe[contains(@id,'_e_')]<<IFRAME>>",
      "componentType": "custom"
    },
    "control40_VqtrOO": {
      "location": {
        "data": {
          "tagName": "CANVAS"
        },
        "userData": {
          "data": [],
          "force": false
        },
        "locators": [
          {
            "id": "@id/nonWord",
            "prob": 1,
            "disabled": true,
            "fact": "_e_458",
            "value": "descendant::DIV[@id=\"_e_458\"]/DIV[1]/DIV[1]/DIV[3]/DIV[1]/CANVAS[5]"
          },
          {
            "id": "path/ordinal",
            "prob": 1,
            "value": "/HTML[1]/BODY[1]/DIV[2]/DIV[1]/DIV[1]/DIV[1]/DIV[1]/DIV[1]/DIV[1]/DIV[3]/DIV[1]/CANVAS[5]"
          },
          {
            "id": "elderLevel",
            "value": {
              "level": 0
            }
          }
        ]
      },
      "events": {
        "onGetData": "getData_control40_VqtrOO"
      },
      "intendedRole": "custom",
      "roles": "element,custom",
      "monitored": true,
      "frameXPath": "//iframe[contains(@id,'_e_')]<<IFRAME>>//iframe[contains(@id,'_e_')]<<IFRAME>>",
      "componentType": "custom"
    },
    "control41_pUtUsI": {
      "location": {
        "data": {
          "tagName": "CANVAS"
        },
        "userData": {
          "data": [],
          "force": false
        },
        "locators": [
          {
            "id": "@id/nonWord",
            "prob": 1,
            "disabled": true,
            "fact": "_e_458",
            "value": "descendant::DIV[@id=\"_e_458\"]/DIV[1]/DIV[1]/DIV[3]/DIV[1]/CANVAS[5]"
          },
          {
            "id": "path/ordinal",
            "prob": 1,
            "value": "/HTML[1]/BODY[1]/DIV[2]/DIV[1]/DIV[1]/DIV[1]/DIV[1]/DIV[1]/DIV[1]/DIV[3]/DIV[1]/CANVAS[5]"
          },
          {
            "id": "elderLevel",
            "value": {
              "level": 0
            }
          }
        ]
      },
      "events": {
        "onGetData": "getData_control41_pUtUsI"
      },
      "intendedRole": "custom",
      "roles": "element,custom",
      "monitored": true,
      "frameXPath": "//iframe[contains(@id,'_e_')]<<IFRAME>>//iframe[contains(@id,'_e_')]<<IFRAME>>",
      "componentType": "custom"
    },
    "control42_dXuCQH": {
      "location": {
        "data": {
          "tagName": "CANVAS"
        },
        "userData": {
          "data": [],
          "force": false
        },
        "locators": [
          {
            "id": "@id/nonWord",
            "prob": 1,
            "disabled": true,
            "fact": "_e_458",
            "value": "descendant::DIV[@id=\"_e_458\"]/DIV[1]/DIV[1]/DIV[3]/DIV[1]/CANVAS[5]"
          },
          {
            "id": "path/ordinal",
            "prob": 1,
            "value": "/HTML[1]/BODY[1]/DIV[2]/DIV[1]/DIV[1]/DIV[1]/DIV[1]/DIV[1]/DIV[1]/DIV[3]/DIV[1]/CANVAS[5]"
          },
          {
            "id": "elderLevel",
            "value": {
              "level": 0
            }
          }
        ]
      },
      "events": {
        "onGetData": "getData_control42_dXuCQH"
      },
      "intendedRole": "custom",
      "roles": "element,custom",
      "monitored": true,
      "frameXPath": "//iframe[contains(@id,'_e_')]<<IFRAME>>//iframe[contains(@id,'_e_')]<<IFRAME>>",
      "componentType": "custom"
    },
    "control43_tuS7CZ": {
      "location": {
        "data": {
          "tagName": "CANVAS"
        },
        "userData": {
          "data": [],
          "force": false
        },
        "locators": [
          {
            "id": "@id/nonWord",
            "prob": 1,
            "disabled": true,
            "fact": "_e_458",
            "value": "descendant::DIV[@id=\"_e_458\"]/DIV[1]/DIV[1]/DIV[3]/DIV[1]/CANVAS[5]"
          },
          {
            "id": "path/ordinal",
            "prob": 1,
            "value": "/HTML[1]/BODY[1]/DIV[2]/DIV[1]/DIV[1]/DIV[1]/DIV[1]/DIV[1]/DIV[1]/DIV[3]/DIV[1]/CANVAS[5]"
          },
          {
            "id": "elderLevel",
            "value": {
              "level": 0
            }
          }
        ]
      },
      "events": {
        "onGetData": "getData_control43_tuS7CZ"
      },
      "intendedRole": "custom",
      "roles": "element,custom",
      "monitored": true,
      "frameXPath": "//iframe[contains(@id,'_e_')]<<IFRAME>>//iframe[contains(@id,'_e_')]<<IFRAME>>",
      "componentType": "custom"
    },
    "control44_TUodHi": {
      "location": {
        "data": {
          "tagName": "CANVAS"
        },
        "userData": {
          "data": [],
          "force": false
        },
        "locators": [
          {
            "id": "@id/nonWord",
            "prob": 1,
            "disabled": true,
            "fact": "_e_458",
            "value": "descendant::DIV[@id=\"_e_458\"]/DIV[1]/DIV[1]/DIV[3]/DIV[1]/CANVAS[5]"
          },
          {
            "id": "path/ordinal",
            "prob": 1,
            "value": "/HTML[1]/BODY[1]/DIV[2]/DIV[1]/DIV[1]/DIV[1]/DIV[1]/DIV[1]/DIV[1]/DIV[3]/DIV[1]/CANVAS[5]"
          },
          {
            "id": "elderLevel",
            "value": {
              "level": 0
            }
          }
        ]
      },
      "events": {
        "onGetData": "getData_control44_TUodHi"
      },
      "intendedRole": "custom",
      "roles": "element,custom",
      "monitored": true,
      "frameXPath": "//iframe[contains(@id,'_e_')]<<IFRAME>>//iframe[contains(@id,'_e_')]<<IFRAME>>",
      "componentType": "custom"
    },
    "control45_ghuCL1": {
      "location": {
        "data": {
          "tagName": "CANVAS"
        },
        "userData": {
          "data": [],
          "force": false
        },
        "locators": [
          {
            "id": "@id/nonWord",
            "prob": 1,
            "disabled": true,
            "fact": "_e_458",
            "value": "descendant::DIV[@id=\"_e_458\"]/DIV[1]/DIV[1]/DIV[3]/DIV[1]/CANVAS[5]"
          },
          {
            "id": "path/ordinal",
            "prob": 1,
            "value": "/HTML[1]/BODY[1]/DIV[2]/DIV[1]/DIV[1]/DIV[1]/DIV[1]/DIV[1]/DIV[1]/DIV[3]/DIV[1]/CANVAS[5]"
          },
          {
            "id": "elderLevel",
            "value": {
              "level": 0
            }
          }
        ]
      },
      "events": {
        "onGetData": "getData_control45_ghuCL1"
      },
      "intendedRole": "custom",
      "roles": "element,custom",
      "monitored": true,
      "frameXPath": "//iframe[contains(@id,'_e_')]<<IFRAME>>//iframe[contains(@id,'_e_')]<<IFRAME>>",
      "componentType": "custom"
    },
    "control46_EDHlnp": {
      "location": {
        "data": {
          "tagName": "CANVAS"
        },
        "userData": {
          "data": [],
          "force": false
        },
        "locators": [
          {
            "id": "@id/nonWord",
            "prob": 1,
            "disabled": true,
            "fact": "_e_458",
            "value": "descendant::DIV[@id=\"_e_458\"]/DIV[1]/DIV[1]/DIV[3]/DIV[1]/CANVAS[5]"
          },
          {
            "id": "path/ordinal",
            "prob": 1,
            "value": "/HTML[1]/BODY[1]/DIV[2]/DIV[1]/DIV[1]/DIV[1]/DIV[1]/DIV[1]/DIV[1]/DIV[3]/DIV[1]/CANVAS[5]"
          },
          {
            "id": "elderLevel",
            "value": {
              "level": 0
            }
          }
        ]
      },
      "events": {
        "onGetData": "getData_control46_EDHlnp"
      },
      "intendedRole": "custom",
      "roles": "element,custom",
      "monitored": true,
      "frameXPath": "//iframe[contains(@id,'_e_')]<<IFRAME>>//iframe[contains(@id,'_e_')]<<IFRAME>>",
      "componentType": "custom"
    },
    "control47_GUrwvb": {
      "location": {
        "data": {
          "tagName": "CANVAS"
        },
        "userData": {
          "data": [],
          "force": false
        },
        "locators": [
          {
            "id": "@id/nonWord",
            "prob": 1,
            "disabled": true,
            "fact": "_e_458",
            "value": "descendant::DIV[@id=\"_e_458\"]/DIV[1]/DIV[1]/DIV[3]/DIV[1]/CANVAS[5]"
          },
          {
            "id": "path/ordinal",
            "prob": 1,
            "value": "/HTML[1]/BODY[1]/DIV[2]/DIV[1]/DIV[1]/DIV[1]/DIV[1]/DIV[1]/DIV[1]/DIV[3]/DIV[1]/CANVAS[5]"
          },
          {
            "id": "elderLevel",
            "value": {
              "level": 0
            }
          }
        ]
      },
      "events": {
        "onGetData": "getData_control47_GUrwvb"
      },
      "intendedRole": "custom",
      "roles": "element,custom",
      "monitored": true,
      "frameXPath": "//iframe[contains(@id,'_e_')]<<IFRAME>>//iframe[contains(@id,'_e_')]<<IFRAME>>",
      "componentType": "custom"
    },
    "control48_0P7HiR": {
      "location": {
        "data": {
          "tagName": "CANVAS"
        },
        "userData": {
          "data": [],
          "force": false
        },
        "locators": [
          {
            "id": "@id/nonWord",
            "prob": 1,
            "disabled": true,
            "fact": "_e_458",
            "value": "descendant::DIV[@id=\"_e_458\"]/DIV[1]/DIV[1]/DIV[3]/DIV[1]/CANVAS[5]"
          },
          {
            "id": "path/ordinal",
            "prob": 1,
            "value": "/HTML[1]/BODY[1]/DIV[2]/DIV[1]/DIV[1]/DIV[1]/DIV[1]/DIV[1]/DIV[1]/DIV[3]/DIV[1]/CANVAS[5]"
          },
          {
            "id": "elderLevel",
            "value": {
              "level": 0
            }
          }
        ]
      },
      "events": {
        "onGetData": "getData_control48_0P7HiR"
      },
      "intendedRole": "custom",
      "roles": "element,custom",
      "monitored": true,
      "frameXPath": "//iframe[contains(@id,'_e_')]<<IFRAME>>//iframe[contains(@id,'_e_')]<<IFRAME>>",
      "componentType": "custom"
    },
    "control50_ls74mF": {
      "location": {
        "data": {
          "tagName": "DIV"
        },
        "userData": {
          "data": [],
          "force": false
        },
        "locators": [
          {
            "id": "@id/nonWord",
            "prob": 1,
            "disabled": true,
            "fact": "_e_286",
            "value": "descendant::DIV[@id=\"_e_286\"]"
          },
          {
            "id": "path/ordinal",
            "prob": 1,
            "value": "/HTML[1]/BODY[1]/DIV[2]/DIV[1]/DIV[1]/DIV[2]/DIV[1]/DIV[1]/DIV[1]/DIV[1]/DIV[1]"
          }
        ]
      },
      "events": {
        "onGetData": "getData_control50_ls74mF"
      },
      "intendedRole": "custom",
      "roles": "element,custom",
      "monitored": false,
      "frameXPath": "//iframe[contains(@id,'_e_')]<<IFRAME>>//iframe[contains(@id,'_e_')]<<IFRAME>>",
      "componentType": "custom"
    }
  },
  "contexts": {
    "context2_96VPw6": {
      "controls": [
        "control15_QBtQsq",
        "control9_D3UATa",
        "control19_oK8DN1",
        "control22_8TIIAH",
        "control21_Nq6ya5",
        "control23_Nu9g3A",
        "control24_n7Duz4",
        "control25_1olcg6",
        "control26_aMgdJ9",
        "control27_InWIH8",
        "control28_i8BiOn",
        "control30_ZxDLoh",
        "control32_xxNB82",
        "control33_zrExq8",
        "control34_5AhbnL",
        "control35_swZwhF",
        "control36_cbwwDo",
        "control37_gnxZpA",
        "control38_MMMc0M",
        "control39_yr4eTA",
        "control29_bEpiio",
        "control40_VqtrOO",
        "control41_pUtUsI",
        "control42_dXuCQH",
        "control43_tuS7CZ",
        "control44_TUodHi",
        "control45_ghuCL1",
        "control46_EDHlnp",
        "control47_GUrwvb",
        "control48_0P7HiR",
        "control50_ls74mF"
      ],
      "anchors": [
        "control13_AGCBoW"
      ],
      "urlAnchor": []
    }
  },
  "flows": {
    "flow5_JaXFIo": {
      "toContexts": [
        {
          "toContextId": "context2_96VPw6"
        }
      ]
    },
    "flow12_KlS8gq": {
      "fromContextId": "context2_96VPw6",
      "fromAction": "doAction",
      "fromControlId": "control9_D3UATa",
      "toContexts": [
        {
          "toContextId": "context2_96VPw6"
        }
      ]
    }
  },
  "pages": {
    "page2_TBO2MO": {
      "contextId": "context2_96VPw6",
      "layout": [
        {
          "id": "uiControl27_bODEuQ",
          "controlId": "control32_xxNB82",
          "display": {
            "adapterId": "header",
            "type": "header",
            "amStyle": "dark",
            "adapter": {
              "templateType": ""
            }
          },
          "layout": [
            {
              "id": "uiControl27_bODEuQheaderLeft",
              "display": {
                "type": "headerLeft",
                "adapterId": "headerLeft",
                "adapter": {
                  "templateType": ""
                }
              },
              "layout": []
            },
            {
              "id": "uiControl27_bODEuQheaderRight",
              "display": {
                "type": "headerRight",
                "adapterId": "headerRight",
                "adapter": {
                  "templateType": ""
                }
              },
              "layout": []
            }
          ]
        },
        {
          "id": "uiControl1_cyHPTp",
          "controlId": "control9_D3UATa",
          "display": {
            "adapterId": "custom",
            "type": "custom",
            "adapter": {
              "templateType": "react",
              "events": {
                "onDoAction": "doAction_uiControl1_cyHPTp",
                "onGetTemplate": "getTemplate_uiControl1_cyHPTp"
              }
            }
          }
        },
        {
          "id": "uiControl45_5LkWJt",
          "controlId": "control50_ls74mF",
          "display": {
            "adapterId": "custom",
            "type": "custom",
            "adapter": {
              "templateType": "react",
              "events": {
                "onDoAction": "doAction_uiControl45_5LkWJt",
                "onGetTemplate": "getTemplate_uiControl45_5LkWJt"
              }
            }
          }
        },
        {
          "id": "uiControl11_syr8xD",
          "controlId": "control19_oK8DN1",
          "display": {
            "adapterId": "custom",
            "type": "custom",
            "adapter": {
              "templateType": "react",
              "events": {
                "onDoAction": "doAction_uiControl11_syr8xD",
                "onGetTemplate": "getTemplate_uiControl11_syr8xD"
              }
            }
          }
        },
        {
          "id": "uiControl14_0TgHKt",
          "controlId": "control22_8TIIAH",
          "display": {
            "adapterId": "custom",
            "type": "custom",
            "adapter": {
              "templateType": "react",
              "events": {
                "onDoAction": "doAction_uiControl14_0TgHKt",
                "onGetTemplate": "getTemplate_uiControl14_0TgHKt"
              }
            }
          }
        },
        {
          "id": "uiControl13_8CqRep",
          "controlId": "control21_Nq6ya5",
          "display": {
            "adapterId": "custom",
            "type": "custom",
            "adapter": {
              "templateType": "react",
              "events": {
                "onDoAction": "doAction_uiControl13_8CqRep",
                "onGetTemplate": "getTemplate_uiControl13_8CqRep"
              }
            }
          }
        },
        {
          "id": "uiControl15_v09Dvm",
          "controlId": "control23_Nu9g3A",
          "display": {
            "adapterId": "custom",
            "type": "custom",
            "adapter": {
              "templateType": "react",
              "events": {
                "onDoAction": "doAction_uiControl15_v09Dvm",
                "onGetTemplate": "getTemplate_uiControl15_v09Dvm"
              }
            }
          }
        },
        {
          "id": "uiControl16_WqQdFp",
          "controlId": "control24_n7Duz4",
          "display": {
            "adapterId": "custom",
            "type": "custom",
            "adapter": {
              "templateType": "react",
              "events": {
                "onDoAction": "doAction_uiControl16_WqQdFp",
                "onGetTemplate": "getTemplate_uiControl16_WqQdFp"
              }
            }
          }
        },
        {
          "id": "uiControl17_pyDaNt",
          "controlId": "control25_1olcg6",
          "display": {
            "adapterId": "custom",
            "type": "custom",
            "adapter": {
              "templateType": "react",
              "events": {
                "onDoAction": "doAction_uiControl17_pyDaNt",
                "onGetTemplate": "getTemplate_uiControl17_pyDaNt"
              }
            }
          }
        },
        {
          "id": "uiControl18_6tx0I9",
          "controlId": "control26_aMgdJ9",
          "display": {
            "adapterId": "custom",
            "type": "custom",
            "adapter": {
              "templateType": "react",
              "events": {
                "onDoAction": "doAction_uiControl18_6tx0I9",
                "onGetTemplate": "getTemplate_uiControl18_6tx0I9"
              }
            }
          }
        },
        {
          "id": "uiControl19_ok0JtQ",
          "controlId": "control27_InWIH8",
          "display": {
            "adapterId": "custom",
            "type": "custom",
            "adapter": {
              "templateType": "react",
              "events": {
                "onDoAction": "doAction_uiControl19_ok0JtQ",
                "onGetTemplate": "getTemplate_uiControl19_ok0JtQ"
              }
            }
          }
        },
        {
          "id": "uiControl20_wsHnAN",
          "controlId": "control28_i8BiOn",
          "display": {
            "adapterId": "custom",
            "type": "custom",
            "adapter": {
              "templateType": "react",
              "events": {
                "onDoAction": "doAction_uiControl20_wsHnAN",
                "onGetTemplate": "getTemplate_uiControl20_wsHnAN"
              }
            }
          }
        },
        {
          "id": "uiControl35_b51VZW",
          "controlId": "control40_VqtrOO",
          "display": {
            "adapterId": "custom",
            "type": "custom",
            "adapter": {
              "templateType": "react",
              "events": {
                "onDoAction": "doAction_uiControl35_b51VZW",
                "onGetTemplate": "getTemplate_uiControl35_b51VZW"
              }
            }
          }
        },
        {
          "id": "uiControl22_5HTJvc",
          "display": {
            "type": "tabs",
            "adapterId": "tabs",
            "adapter": {
              "templateType": ""
            }
          },
          "layout": [
            {
              "id": "uiControl22_5HTJvcitem",
              "display": {
                "tabTitle": "本月实际",
                "type": "tabItem",
                "adapterId": "tabItem",
                "adapter": {
                  "templateType": ""
                }
              },
              "layout": [
                {
                  "id": "uiControl25_0Tpw4T",
                  "controlId": "control30_ZxDLoh",
                  "display": {
                    "adapterId": "custom",
                    "type": "custom",
                    "adapter": {
                      "templateType": "react",
                      "events": {
                        "onDoAction": "doAction_uiControl25_0Tpw4T",
                        "onGetTemplate": "getTemplate_uiControl25_0Tpw4T"
                      }
                    }
                  }
                }
              ]
            },
            {
              "id": "uiControl23_XfEdTS",
              "display": {
                "tabTitle": "本年累计",
                "type": "tabItem",
                "adapterId": "tabItem",
                "adapter": {
                  "templateType": ""
                }
              },
              "layout": [
                {
                  "id": "uiControl28_H4DRc1",
                  "controlId": "control33_zrExq8",
                  "display": {
                    "adapterId": "custom",
                    "type": "custom",
                    "adapter": {
                      "templateType": "react",
                      "events": {
                        "onDoAction": "doAction_uiControl28_H4DRc1",
                        "onGetTemplate": "getTemplate_uiControl28_H4DRc1"
                      }
                    }
                  }
                }
              ]
            },
            {
              "id": "uiControl24_zHDbT6",
              "display": {
                "tabTitle": "去年同期",
                "type": "tabItem",
                "adapterId": "tabItem",
                "adapter": {
                  "templateType": ""
                }
              },
              "layout": [
                {
                  "id": "uiControl29_e0VebN",
                  "controlId": "control34_5AhbnL",
                  "display": {
                    "adapterId": "custom",
                    "type": "custom",
                    "adapter": {
                      "templateType": "react",
                      "events": {
                        "onDoAction": "doAction_uiControl29_e0VebN",
                        "onGetTemplate": "getTemplate_uiControl29_e0VebN"
                      }
                    }
                  }
                }
              ]
            }
          ]
        },
        {
          "id": "uiControl30_hLWMZg",
          "controlId": "control35_swZwhF",
          "display": {
            "adapterId": "custom",
            "type": "custom",
            "adapter": {
              "templateType": "react",
              "events": {
                "onDoAction": "doAction_uiControl30_hLWMZg",
                "onGetTemplate": "getTemplate_uiControl30_hLWMZg"
              }
            }
          }
        },
        {
          "id": "uiControl36_QNsIug",
          "controlId": "control41_pUtUsI",
          "display": {
            "adapterId": "custom",
            "type": "custom",
            "adapter": {
              "templateType": "react",
              "events": {
                "onDoAction": "doAction_uiControl36_QNsIug",
                "onGetTemplate": "getTemplate_uiControl36_QNsIug"
              }
            }
          }
        },
        {
          "id": "uiControl31_oOfDOa",
          "controlId": "control36_cbwwDo",
          "display": {
            "adapterId": "custom",
            "type": "custom",
            "adapter": {
              "templateType": "react",
              "events": {
                "onDoAction": "doAction_uiControl31_oOfDOa",
                "onGetTemplate": "getTemplate_uiControl31_oOfDOa"
              }
            }
          }
        },
        {
          "id": "uiControl32_t6qdzZ",
          "controlId": "control37_gnxZpA",
          "display": {
            "adapterId": "custom",
            "type": "custom",
            "adapter": {
              "templateType": "react",
              "events": {
                "onDoAction": "doAction_uiControl32_t6qdzZ",
                "onGetTemplate": "getTemplate_uiControl32_t6qdzZ"
              }
            }
          }
        },
        {
          "id": "uiControl33_9gfmJU",
          "controlId": "control38_MMMc0M",
          "display": {
            "adapterId": "custom",
            "type": "custom",
            "adapter": {
              "templateType": "react",
              "events": {
                "onDoAction": "doAction_uiControl33_9gfmJU",
                "onGetTemplate": "getTemplate_uiControl33_9gfmJU"
              }
            }
          }
        },
        {
          "id": "uiControl37_sVMz5C",
          "controlId": "control42_dXuCQH",
          "display": {
            "adapterId": "custom",
            "type": "custom",
            "adapter": {
              "templateType": "react",
              "events": {
                "onDoAction": "doAction_uiControl37_sVMz5C",
                "onGetTemplate": "getTemplate_uiControl37_sVMz5C"
              }
            }
          }
        },
        {
          "id": "uiControl34_3PTEWR",
          "controlId": "control39_yr4eTA",
          "display": {
            "adapterId": "custom",
            "type": "custom",
            "adapter": {
              "templateType": "react",
              "events": {
                "onDoAction": "doAction_uiControl34_3PTEWR",
                "onGetTemplate": "getTemplate_uiControl34_3PTEWR"
              }
            }
          }
        },
        {
          "id": "uiControl21_ZzGwHB",
          "controlId": "control29_bEpiio",
          "display": {
            "adapterId": "custom",
            "type": "custom",
            "adapter": {
              "templateType": "react",
              "events": {
                "onDoAction": "doAction_uiControl21_ZzGwHB",
                "onGetTemplate": "getTemplate_uiControl21_ZzGwHB"
              }
            }
          }
        },
        {
          "id": "uiControl38_tXx20q",
          "controlId": "control43_tuS7CZ",
          "display": {
            "adapterId": "custom",
            "type": "custom",
            "adapter": {
              "templateType": "react",
              "events": {
                "onDoAction": "doAction_uiControl38_tXx20q",
                "onGetTemplate": "getTemplate_uiControl38_tXx20q"
              }
            }
          }
        },
        {
          "id": "uiControl39_8gvP4S",
          "controlId": "control44_TUodHi",
          "display": {
            "adapterId": "custom",
            "type": "custom",
            "adapter": {
              "templateType": "react",
              "events": {
                "onDoAction": "doAction_uiControl39_8gvP4S",
                "onGetTemplate": "getTemplate_uiControl39_8gvP4S"
              }
            }
          }
        },
        {
          "id": "uiControl40_3rcuyv",
          "controlId": "control45_ghuCL1",
          "display": {
            "adapterId": "custom",
            "type": "custom",
            "adapter": {
              "templateType": "react",
              "events": {
                "onDoAction": "doAction_uiControl40_3rcuyv",
                "onGetTemplate": "getTemplate_uiControl40_3rcuyv"
              }
            }
          }
        },
        {
          "id": "uiControl41_Jsghcn",
          "controlId": "control46_EDHlnp",
          "display": {
            "adapterId": "custom",
            "type": "custom",
            "adapter": {
              "templateType": "react",
              "events": {
                "onDoAction": "doAction_uiControl41_Jsghcn",
                "onGetTemplate": "getTemplate_uiControl41_Jsghcn"
              }
            }
          }
        },
        {
          "id": "uiControl42_ys848d",
          "controlId": "control47_GUrwvb",
          "display": {
            "adapterId": "custom",
            "type": "custom",
            "adapter": {
              "templateType": "react",
              "events": {
                "onDoAction": "doAction_uiControl42_ys848d",
                "onGetTemplate": "getTemplate_uiControl42_ys848d"
              }
            }
          }
        },
        {
          "id": "uiControl43_2Qe0zv",
          "controlId": "control48_0P7HiR",
          "display": {
            "adapterId": "custom",
            "type": "custom",
            "adapter": {
              "templateType": "react",
              "events": {
                "onDoAction": "doAction_uiControl43_2Qe0zv",
                "onGetTemplate": "getTemplate_uiControl43_2Qe0zv"
              }
            }
          }
        }
      ]
    }
  },
  "matchers": {
    "page/title": {
      "contexts": {
        "context2_96VPw6": [
          "综合统计信息系统"
        ]
      }
    },
    "page/urls": {
      "contexts": {
        "context2_96VPw6": [
          "172.16.100.150:9799/jqreport/jqr"
        ]
      }
    },
    "page/ids": {
      "contexts": {
        "context2_96VPw6": [
          [
            "TrapProgress",
            "_e_",
            "_e__menu",
            "alert_content",
            "alert_ok",
            "chrome_clipboard_load",
            "confirm_cancel",
            "confirm_content",
            "confirm_ok",
            "printNativeIframe",
            "system_alert_window",
            "system_confirm_window"
          ],
          [
            "AH",
            "BJ",
            "CQ",
            "FJ",
            "GD",
            "GS",
            "GX",
            "GZ",
            "HA",
            "HB",
            "HE",
            "HK",
            "HL",
            "HN",
            "HU",
            "JL",
            "JS",
            "JX",
            "LN",
            "MA",
            "NM",
            "NX",
            "QH",
            "SA",
            "SC",
            "SD",
            "SH",
            "SX",
            "TA",
            "TB",
            "TJ",
            "TrapProgress",
            "XJ",
            "YN",
            "ZJ",
            "_e_",
            "_e__menu",
            "alert_content",
            "alert_ok",
            "chrome_clipboard_load",
            "confirm_cancel",
            "confirm_content",
            "confirm_ok",
            "printNativeIframe",
            "system_alert_window",
            "system_confirm_window"
          ],
          [
            "TrapProgress",
            "_e_",
            "_e__menu",
            "alert_content",
            "alert_ok",
            "chrome_clipboard_load",
            "confirm_cancel",
            "confirm_content",
            "confirm_ok",
            "flowproxy-iframe",
            "printNativeIframe",
            "system_alert_window",
            "system_confirm_window"
          ]
        ]
      }
    },
    "page/classes": {
      "contexts": {
        "context2_96VPw6": [
          [
            "Button",
            "Button_style",
            "CalendarPanel",
            "Composite",
            "Label",
            "List",
            "ListWrapper",
            "Menu",
            "MenuItem",
            "Menu_style",
            "Shell",
            "Spinner",
            "Window",
            "Window_style",
            "alert-info",
            "application-mask",
            "btn-chk",
            "btn-chk-input",
            "btn-chk-n",
            "btn-chk-text",
            "btn-push-f-b",
            "btn-push-f-l",
            "btn-push-f-lb",
            "btn-push-f-lt",
            "btn-push-f-r",
            "btn-push-f-rb",
            "btn-push-f-rt",
            "btn-push-f-t",
            "btn-push-n-b",
            "btn-push-n-center",
            "btn-push-n-l",
            "btn-push-n-lb",
            "btn-push-n-lt",
            "btn-push-n-r",
            "btn-push-n-rb",
            "btn-push-n-rt",
            "btn-push-n-t",
            "btn-table",
            "btn-text",
            "calendar-day",
            "calendar-head",
            "calendar-head-day",
            "calendar-row",
            "calendar-weekend",
            "calendar-workday",
            "check-on",
            "combo-border",
            "combopanel-drag-i",
            "combopanel-drag-l",
            "datetime-btn",
            "datetime-btn-bg",
            "disabled",
            "down",
            "draggable",
            "fill",
            "flowproxy-iframe",
            "icon",
            "imgbox",
            "j-tool",
            "j-tool-close",
            "j-tool-minimize",
            "j-tool-restore",
            "m-first-r",
            "menu-b",
            "menu-l",
            "menu-lb",
            "menu-lt",
            "menu-r",
            "menu-rb",
            "menu-rt",
            "menu-t",
            "menubody",
            "menuitem-c",
            "menuitem-cascade",
            "menuitem-l",
            "menuitem-r",
            "menuitem-separator-c",
            "menuitem-separator-l",
            "menuitem-separator-r",
            "percent",
            "radio-on",
            "separator-l",
            "separator-r",
            "spinner-bg-n",
            "spinner-btn-base",
            "spinner-table",
            "txt",
            "up",
            "window-bottom",
            "window-bottom-left",
            "window-bottom-right",
            "window-center",
            "window-left",
            "window-left-td",
            "window-right",
            "window-right-td",
            "window-title",
            "window-top",
            "window-top-left",
            "window-top-right",
            "wtitle"
          ],
          [
            "Button",
            "Button_style",
            "ComboPanel",
            "Composite",
            "LWTree",
            "Label",
            "List",
            "ListWrapper",
            "Menu",
            "MenuItem",
            "Menu_style",
            "Shell",
            "ToolBar",
            "ToolItem",
            "Tree",
            "TreeItem-",
            "Window",
            "Window_style",
            "alert-info",
            "application-mask",
            "bg-n",
            "btn-chk",
            "btn-chk-input",
            "btn-chk-n",
            "btn-chk-text",
            "btn-push-f-b",
            "btn-push-f-l",
            "btn-push-f-lb",
            "btn-push-f-lt",
            "btn-push-f-r",
            "btn-push-f-rb",
            "btn-push-f-rt",
            "btn-push-f-t",
            "btn-push-n-b",
            "btn-push-n-center",
            "btn-push-n-l",
            "btn-push-n-lb",
            "btn-push-n-lt",
            "btn-push-n-r",
            "btn-push-n-rb",
            "btn-push-n-rt",
            "btn-push-n-t",
            "btn-table",
            "btn-text",
            "check-on",
            "combo-border",
            "combopanel-drag-i",
            "combopanel-drag-l",
            "content",
            "data",
            "disabled",
            "down",
            "draggable",
            "drop-h",
            "fill",
            "flowproxy-iframe",
            "icon",
            "img",
            "imgbox",
            "inputMask",
            "j-tool",
            "j-tool-close",
            "j-tool-minimize",
            "j-tool-restore",
            "m-first-r",
            "menu-b",
            "menu-l",
            "menu-lb",
            "menu-lt",
            "menu-r",
            "menu-rb",
            "menu-rt",
            "menu-t",
            "menubody",
            "menuitem-c",
            "menuitem-cascade",
            "menuitem-l",
            "menuitem-r",
            "menuitem-separator-c",
            "menuitem-separator-l",
            "menuitem-separator-r",
            "node-end-line",
            "node-mid-line",
            "node-start-line",
            "radio-on",
            "separator-l",
            "separator-r",
            "sub",
            "text-bg",
            "text-border--b",
            "text-border--l",
            "text-border--lb",
            "text-border--lt",
            "text-border--r",
            "text-border--rb",
            "text-border--rt",
            "text-border--t",
            "text-border-center",
            "text-btn-base",
            "text-innerboder-lost",
            "text-input",
            "text-n-b",
            "text-n-l",
            "text-n-lb",
            "text-n-lt",
            "text-n-r",
            "text-n-rb",
            "text-n-rt",
            "text-n-t",
            "tool-down",
            "toolitem-b",
            "toolitem-c",
            "toolitem-l",
            "toolitem-lb",
            "toolitem-lt",
            "toolitem-r",
            "toolitem-rb",
            "toolitem-rt",
            "toolitem-t",
            "toolitem-textimage",
            "txt",
            "window-bottom",
            "window-bottom-left",
            "window-bottom-right",
            "window-center",
            "window-left",
            "window-left-td",
            "window-right",
            "window-right-td",
            "window-title",
            "window-top",
            "window-top-left",
            "window-top-right",
            "wtitle"
          ]
        ]
      }
    },
    "page/tagTriplets": {
      "contexts": {
        "context2_96VPw6": [
          [
            "-/-/A",
            "-/-/DIV",
            "-/-/IFRAME",
            "-/-/SCRIPT",
            "-/DIV/DIV",
            "-/DIV/IFRAME",
            "-/DIV/TABLE",
            "DIV/DIV/DIV",
            "DIV/DIV/IFRAME",
            "DIV/DIV/IMG",
            "DIV/DIV/SPAN",
            "DIV/DIV/TABLE",
            "DIV/TABLE/TBODY",
            "TABLE/TBODY/TR",
            "TBODY/TR/TD",
            "TD/DIV/DIV",
            "TD/DIV/IMG",
            "TD/DIV/TABLE",
            "TD/TABLE/TBODY",
            "TR/TD/DIV",
            "TR/TD/INPUT-text",
            "TR/TD/P",
            "TR/TD/SPAN",
            "TR/TD/TABLE"
          ],
          [
            "-/-/A",
            "-/-/DIV",
            "-/-/IFRAME",
            "-/-/SCRIPT",
            "-/DIV/DIV",
            "-/DIV/IFRAME",
            "-/DIV/TABLE",
            "DIV/DIV/DIV",
            "DIV/DIV/IFRAME",
            "DIV/DIV/IMG",
            "DIV/DIV/SPAN",
            "DIV/DIV/TABLE",
            "DIV/SPAN/DIV",
            "DIV/SPAN/SPAN",
            "DIV/TABLE/TBODY",
            "TABLE/TBODY/TR",
            "TBODY/TR/TD",
            "TD/DIV/DIV",
            "TD/DIV/IMG",
            "TD/DIV/INPUT-text",
            "TD/DIV/TABLE",
            "TD/TABLE/TBODY",
            "TR/TD/DIV",
            "TR/TD/P",
            "TR/TD/SPAN",
            "TR/TD/TABLE"
          ],
          [
            "-/-/A",
            "-/-/DIV",
            "-/-/IFRAME",
            "-/-/SCRIPT",
            "-/DIV/DIV",
            "-/DIV/IFRAME",
            "-/DIV/TABLE",
            "DIV/DIV/DIV",
            "DIV/DIV/IFRAME",
            "DIV/DIV/IMG",
            "DIV/DIV/SPAN",
            "DIV/DIV/TABLE",
            "DIV/TABLE/TBODY",
            "TABLE/TBODY/TR",
            "TBODY/TR/TD",
            "TD/DIV/DIV",
            "TD/DIV/IMG",
            "TD/TABLE/TBODY",
            "TR/TD/DIV",
            "TR/TD/INPUT-text",
            "TR/TD/P",
            "TR/TD/SPAN",
            "TR/TD/TABLE"
          ]
        ]
      }
    }
  }
}