{
  "version": "0.1",
  "id": "ddd",
  "targetURL": "http://172.16.100.150:9799/jqreport/jqr",
  "jsFile": "index.js",
  "requires": {
    "ddd": "../ddd/index.json",
    "caiwu": "../caiwu/index.json"
  },
  "chineseName": "ddd",
  "description": "",
  "firstPaintEnable": false,
  "controls": {
    "control7_dexq2r": {
      "location": {
        "data": {
          "tagName": "DIV"
        },
        "userData": {
          "data": [],
          "force": false
        },
        "locators": [
          {
            "id": "@id/nonWord",
            "prob": 1,
            "disabled": true,
            "fact": "_e_315",
            "value": "descendant::DIV[@id=\"_e_315\"]/DIV[1]/DIV[1]/DIV[1]"
          },
          {
            "id": "path/ordinal",
            "prob": 1,
            "value": "/HTML[1]/BODY[1]/DIV[2]/DIV[1]/DIV[1]/DIV[1]/DIV[1]/DIV[1]/DIV[1]/DIV[1]"
          }
        ]
      },
      "roles": "element",
      "text": "",
      "frameXPath": "//iframe[contains(@id,'_e_')]<<IFRAME>>//iframe[contains(@id,'_e_')]<<IFRAME>>",
      "customJS": "if(elem.querySelectorAll(\"div\")[0].style.height!=\"1455px\"){return true;}else{return false;}"
    },
    "control8_w3uOmg": {
      "location": {
        "data": {
          "tagName": "DIV"
        },
        "userData": {
          "data": [],
          "force": false
        },
        "locators": [
          {
            "id": "@id/nonWord",
            "prob": 1,
            "disabled": true,
            "fact": "_e_286",
            "value": "descendant::DIV[@id=\"_e_286\"]"
          },
          {
            "id": "path/ordinal",
            "prob": 1,
            "value": "/HTML[1]/BODY[1]/DIV[2]/DIV[1]/DIV[1]/DIV[2]/DIV[1]/DIV[1]/DIV[1]/DIV[1]/DIV[1]"
          }
        ]
      },
      "events": {
        "onGetData": "getData_control8_w3uOmg"
      },
      "intendedRole": "custom",
      "roles": "element,custom",
      "monitored": true,
      "frameXPath": "//iframe[contains(@id,'_e_')]<<IFRAME>>//iframe[contains(@id,'_e_')]<<IFRAME>>",
      "componentType": "custom"
    },
    "control31_T3h7no": {
      "location": {
        "data": {
          "tagName": "TD"
        },
        "userData": {
          "data": [
            {
              "method": "selector",
              "value": "HTML"
            }
          ],
          "force": false
        },
        "locators": [
          {
            "id": "@id/nonWord",
            "prob": 1,
            "disabled": true,
            "fact": "_e_87",
            "value": "descendant::DIV[@id=\"_e_87\"]/DIV[4]/TABLE[1]/TBODY[1]/TR[1]/TD[4]"
          },
          {
            "id": "@class/word",
            "prob": 1,
            "ordinal": [
              0,
              3
            ],
            "value": "DIV.Window.Window_style1 TABLE.window-title TD.draggable.wtitle"
          },
          {
            "id": "path/ordinal",
            "prob": 1,
            "value": "/HTML[1]/BODY[1]/DIV[13]/DIV[4]/TABLE[1]/TBODY[1]/TR[1]/TD[4]"
          },
          {
            "id": "elderLevel",
            "value": {
              "level": 0
            }
          }
        ]
      },
      "intendedRole": "header",
      "roles": "element,header",
      "monitored": true,
      "frameXPath": "",
      "componentType": "header"
    },
    "control52_LTd88p": {
      "location": {
        "data": {
          "tagName": "TD"
        },
        "userData": {
          "force": false,
          "data": [
            {
              "method": "selector",
              "value": "HTML"
            }
          ]
        },
        "locators": [
          {
            "id": "text",
            "prob": 3,
            "ordinal": [
              2,
              3
            ],
            "value": {
              "text": [
                "封面代码"
              ],
              "visText": [
                "封面代码"
              ]
            }
          },
          {
            "id": "@id/nonWord",
            "prob": 1,
            "disabled": true,
            "fact": "_e_303",
            "value": "descendant::TD[@id=\"_e_303\"]/TABLE[1]/TBODY[1]/TR[1]/TD[2]/TABLE[1]/TBODY[1]/TR[1]/TD[2]"
          },
          {
            "id": "path/ordinal",
            "prob": 1,
            "value": "/HTML[1]/BODY[1]/DIV[2]/DIV[1]/DIV[1]/DIV[2]/DIV[1]/DIV[1]/DIV[1]/TABLE[1]/TBODY[1]/TR[1]/TD[1]/TABLE[1]/TBODY[1]/TR[1]/TD[2]/TABLE[1]/TBODY[1]/TR[1]/TD[2]"
          },
          {
            "id": "elderLevel",
            "value": {
              "level": 0
            }
          }
        ]
      },
      "roles": "element",
      "text": "封面代码",
      "frameXPath": "//iframe[contains(@id,'_e_')]<<IFRAME>>//iframe[contains(@id,'_e_')]<<IFRAME>>"
    }
  },
  "contexts": {
    "context1_4iMV37": {
      "controls": [
        "control8_w3uOmg",
        "control31_T3h7no"
      ],
      "anchors": [
        "control7_dexq2r"
      ],
      "urlAnchor": []
    }
  },
  "flows": {
    "flow1_ftAtx0": {
      "toContexts": [
        {
          "toContextId": "context1_4iMV37",
          "toModelId": "ddd"
        },
        {
          "toContextId": "context2_96VPw6",
          "toModelId": "caiwu"
        },
        {
          "toContextId": "context1_4iMV37"
        }
      ]
    },
    "flow7_fxT2S5": {
      "fromContextId": "context1_4iMV37",
      "fromAction": "doAction",
      "fromControlId": "control8_w3uOmg",
      "toContexts": [
        {
          "toContextId": "context1_4iMV37"
        },
        {
          "toContextId": "context2_96VPw6",
          "toModelId": "caiwu"
        }
      ]
    }
  },
  "pages": {
    "page1_fkzvCs": {
      "contextId": "context1_4iMV37",
      "layout": [
        {
          "id": "uiControl26_UeBWH8",
          "controlId": "control31_T3h7no",
          "display": {
            "adapterId": "header",
            "type": "header",
            "amStyle": "dark",
            "title": "统计工业增加值月报",
            "adapter": {
              "templateType": ""
            }
          },
          "layout": [
            {
              "id": "uiControl26_UeBWH8headerLeft",
              "display": {
                "type": "headerLeft",
                "adapterId": "headerLeft",
                "adapter": {
                  "templateType": ""
                }
              },
              "layout": []
            },
            {
              "id": "uiControl26_UeBWH8headerRight",
              "display": {
                "type": "headerRight",
                "adapterId": "headerRight",
                "adapter": {
                  "templateType": ""
                }
              },
              "layout": []
            }
          ]
        },
        {
          "id": "uiControl0_lsg728",
          "controlId": "control8_w3uOmg",
          "display": {
            "adapterId": "custom",
            "type": "custom",
            "adapter": {
              "templateType": "react",
              "events": {
                "onDoAction": "doAction_uiControl0_lsg728",
                "onGetTemplate": "getTemplate_uiControl0_lsg728"
              }
            }
          }
        }
      ]
    }
  },
  "matchers": {
    "page/title": {
      "contexts": {
        "context1_4iMV37": [
          "综合统计信息系统"
        ]
      }
    },
    "page/urls": {
      "contexts": {
        "context1_4iMV37": [
          "172.16.100.150:9799/jqreport/jqr"
        ]
      }
    },
    "page/ids": {
      "contexts": {
        "context1_4iMV37": [
          [
            "AH",
            "BJ",
            "CQ",
            "FJ",
            "GD",
            "GS",
            "GX",
            "GZ",
            "HA",
            "HB",
            "HE",
            "HK",
            "HL",
            "HN",
            "HU",
            "JL",
            "JS",
            "JX",
            "LN",
            "MA",
            "NM",
            "NX",
            "QH",
            "SA",
            "SC",
            "SD",
            "SH",
            "SX",
            "TA",
            "TB",
            "TJ",
            "TrapProgress",
            "XJ",
            "YN",
            "ZJ",
            "_e_",
            "alert_content",
            "alert_ok",
            "chrome_clipboard_load",
            "confirm_cancel",
            "confirm_content",
            "confirm_ok",
            "printNativeIframe",
            "system_alert_window",
            "system_confirm_window"
          ],
          [
            "AH",
            "BJ",
            "CQ",
            "FJ",
            "GD",
            "GS",
            "GX",
            "GZ",
            "HA",
            "HB",
            "HE",
            "HK",
            "HL",
            "HN",
            "HU",
            "JL",
            "JS",
            "JX",
            "LN",
            "MA",
            "NM",
            "NX",
            "QH",
            "SA",
            "SC",
            "SD",
            "SH",
            "SX",
            "TA",
            "TB",
            "TJ",
            "TrapProgress",
            "XJ",
            "YN",
            "ZJ",
            "_e_",
            "_e__menu",
            "alert_content",
            "alert_ok",
            "chrome_clipboard_load",
            "confirm_cancel",
            "confirm_content",
            "confirm_ok",
            "flowproxy-iframe",
            "printNativeIframe",
            "system_alert_window",
            "system_confirm_window"
          ],
          [
            "AH",
            "BJ",
            "CQ",
            "FJ",
            "GD",
            "GS",
            "GX",
            "GZ",
            "HA",
            "HB",
            "HE",
            "HK",
            "HL",
            "HN",
            "HU",
            "JL",
            "JS",
            "JX",
            "LN",
            "MA",
            "NM",
            "NX",
            "QH",
            "SA",
            "SC",
            "SD",
            "SH",
            "SX",
            "TA",
            "TB",
            "TJ",
            "TrapProgress",
            "XJ",
            "YN",
            "ZJ",
            "_e_",
            "_e__menu",
            "alert_content",
            "alert_ok",
            "chrome_clipboard_load",
            "confirm_cancel",
            "confirm_content",
            "confirm_ok",
            "printNativeIframe",
            "system_alert_window",
            "system_confirm_window"
          ],
          [
            "TrapProgress",
            "_e_",
            "_e__menu",
            "alert_content",
            "alert_ok",
            "chrome_clipboard_load",
            "confirm_cancel",
            "confirm_content",
            "confirm_ok",
            "printNativeIframe",
            "system_alert_window",
            "system_confirm_window"
          ]
        ]
      }
    },
    "page/classes": {
      "contexts": {
        "context1_4iMV37": [
          [
            "Button",
            "Button_style",
            "ComboPanel",
            "Composite",
            "LWTree",
            "Label",
            "List",
            "ListWrapper",
            "Menu",
            "MenuItem",
            "Menu_style",
            "Shell",
            "ToolBar",
            "ToolItem",
            "Tree",
            "TreeItem-",
            "Window",
            "Window_style",
            "alert-info",
            "application-mask",
            "bg-n",
            "btn-chk",
            "btn-chk-input",
            "btn-chk-n",
            "btn-chk-text",
            "btn-push-f-b",
            "btn-push-f-l",
            "btn-push-f-lb",
            "btn-push-f-lt",
            "btn-push-f-r",
            "btn-push-f-rb",
            "btn-push-f-rt",
            "btn-push-f-t",
            "btn-push-n-b",
            "btn-push-n-center",
            "btn-push-n-l",
            "btn-push-n-lb",
            "btn-push-n-lt",
            "btn-push-n-r",
            "btn-push-n-rb",
            "btn-push-n-rt",
            "btn-push-n-t",
            "btn-table",
            "btn-text",
            "check-on",
            "combo-border",
            "combopanel-drag-i",
            "combopanel-drag-l",
            "content",
            "data",
            "disabled",
            "down",
            "draggable",
            "drop-h",
            "fill",
            "flowproxy-iframe",
            "icon",
            "img",
            "imgbox",
            "inputMask",
            "j-tool",
            "j-tool-close",
            "j-tool-minimize-hover",
            "j-tool-restore",
            "m-first-r",
            "menu-b",
            "menu-l",
            "menu-lb",
            "menu-lt",
            "menu-r",
            "menu-rb",
            "menu-rt",
            "menu-t",
            "menubody",
            "menuitem-c",
            "menuitem-cascade",
            "menuitem-l",
            "menuitem-r",
            "menuitem-separator-c",
            "menuitem-separator-l",
            "menuitem-separator-r",
            "node-end-line",
            "node-mid-line",
            "node-start-line",
            "radio-on",
            "separator-l",
            "separator-r",
            "sub",
            "text-bg",
            "text-border--b",
            "text-border--l",
            "text-border--lb",
            "text-border--lt",
            "text-border--r",
            "text-border--rb",
            "text-border--rt",
            "text-border--t",
            "text-border-center",
            "text-btn-base",
            "text-innerboder-lost",
            "text-input",
            "text-n-b",
            "text-n-l",
            "text-n-lb",
            "text-n-lt",
            "text-n-r",
            "text-n-rb",
            "text-n-rt",
            "text-n-t",
            "tool-down",
            "toolitem-b",
            "toolitem-c",
            "toolitem-l",
            "toolitem-lb",
            "toolitem-lt",
            "toolitem-r",
            "toolitem-rb",
            "toolitem-rt",
            "toolitem-t",
            "toolitem-textimage",
            "txt",
            "window-bottom",
            "window-bottom-left",
            "window-bottom-right",
            "window-center",
            "window-left",
            "window-left-td",
            "window-right",
            "window-right-td",
            "window-title",
            "window-top",
            "window-top-left",
            "window-top-right",
            "wtitle"
          ],
          [
            "Button",
            "Button_style",
            "ComboPanel",
            "Composite",
            "LWTree",
            "Label",
            "List",
            "ListWrapper",
            "Menu",
            "MenuItem",
            "Menu_style",
            "Shell",
            "ToolBar",
            "ToolItem",
            "Tree",
            "TreeItem-",
            "Window",
            "Window_style",
            "alert-info",
            "application-mask",
            "bg-n",
            "btn-chk",
            "btn-chk-input",
            "btn-chk-n",
            "btn-chk-text",
            "btn-push-f-b",
            "btn-push-f-l",
            "btn-push-f-lb",
            "btn-push-f-lt",
            "btn-push-f-r",
            "btn-push-f-rb",
            "btn-push-f-rt",
            "btn-push-f-t",
            "btn-push-n-b",
            "btn-push-n-center",
            "btn-push-n-l",
            "btn-push-n-lb",
            "btn-push-n-lt",
            "btn-push-n-r",
            "btn-push-n-rb",
            "btn-push-n-rt",
            "btn-push-n-t",
            "btn-table",
            "btn-text",
            "check-on",
            "combo-border",
            "combopanel-drag-i",
            "combopanel-drag-l",
            "content",
            "data",
            "disabled",
            "down",
            "draggable",
            "drop-h",
            "fill",
            "flowproxy-iframe",
            "icon",
            "img",
            "imgbox",
            "inputMask",
            "j-tool",
            "j-tool-close",
            "j-tool-minimize",
            "j-tool-restore",
            "m-first-r",
            "menu-b",
            "menu-l",
            "menu-lb",
            "menu-lt",
            "menu-r",
            "menu-rb",
            "menu-rt",
            "menu-t",
            "menubody",
            "menuitem-c",
            "menuitem-cascade",
            "menuitem-l",
            "menuitem-r",
            "menuitem-separator-c",
            "menuitem-separator-l",
            "menuitem-separator-r",
            "node-end-line",
            "node-mid-line",
            "node-start-line",
            "radio-on",
            "separator-l",
            "separator-r",
            "sub",
            "text-bg",
            "text-border--b",
            "text-border--l",
            "text-border--lb",
            "text-border--lt",
            "text-border--r",
            "text-border--rb",
            "text-border--rt",
            "text-border--t",
            "text-border-center",
            "text-btn-base",
            "text-innerboder-lost",
            "text-input",
            "text-n-b",
            "text-n-l",
            "text-n-lb",
            "text-n-lt",
            "text-n-r",
            "text-n-rb",
            "text-n-rt",
            "text-n-t",
            "tool-down",
            "toolitem-b",
            "toolitem-c",
            "toolitem-l",
            "toolitem-lb",
            "toolitem-lt",
            "toolitem-r",
            "toolitem-rb",
            "toolitem-rt",
            "toolitem-t",
            "toolitem-textimage",
            "txt",
            "window-bottom",
            "window-bottom-left",
            "window-bottom-right",
            "window-center",
            "window-left",
            "window-left-td",
            "window-right",
            "window-right-td",
            "window-title",
            "window-top",
            "window-top-left",
            "window-top-right",
            "wtitle"
          ],
          [
            "Button",
            "Button_style",
            "ComboPanel",
            "Composite",
            "LWTree",
            "Label",
            "List",
            "ListWrapper",
            "Menu",
            "MenuItem",
            "Menu_style",
            "Scroller-left",
            "Scroller-right",
            "Shell",
            "ToolBar",
            "ToolItem",
            "Tree",
            "TreeItem-",
            "Window",
            "Window_style",
            "alert-info",
            "application-mask",
            "bg-n",
            "btn-chk",
            "btn-chk-input",
            "btn-chk-n",
            "btn-chk-text",
            "btn-push-f-b",
            "btn-push-f-l",
            "btn-push-f-lb",
            "btn-push-f-lt",
            "btn-push-f-r",
            "btn-push-f-rb",
            "btn-push-f-rt",
            "btn-push-f-t",
            "btn-push-n-b",
            "btn-push-n-center",
            "btn-push-n-l",
            "btn-push-n-lb",
            "btn-push-n-lt",
            "btn-push-n-r",
            "btn-push-n-rb",
            "btn-push-n-rt",
            "btn-push-n-t",
            "btn-table",
            "btn-text",
            "check-on",
            "combo-border",
            "combopanel-drag-i",
            "combopanel-drag-l",
            "content",
            "data",
            "disabled",
            "down",
            "draggable",
            "drop-h",
            "fill",
            "flowproxy-iframe",
            "icon",
            "img",
            "imgbox",
            "inputMask",
            "j-tool",
            "j-tool-close",
            "j-tool-minimize",
            "j-tool-restore",
            "m-first-r",
            "menu-b",
            "menu-l",
            "menu-lb",
            "menu-lt",
            "menu-r",
            "menu-rb",
            "menu-rt",
            "menu-t",
            "menubody",
            "menuitem-c",
            "menuitem-cascade",
            "menuitem-l",
            "menuitem-r",
            "menuitem-separator-c",
            "menuitem-separator-l",
            "menuitem-separator-r",
            "node-end-line",
            "node-mid-line",
            "node-start-line",
            "radio-on",
            "separator-l",
            "separator-r",
            "sub",
            "text-bg",
            "text-border--b",
            "text-border--l",
            "text-border--lb",
            "text-border--lt",
            "text-border--r",
            "text-border--rb",
            "text-border--rt",
            "text-border--t",
            "text-border-center",
            "text-btn-base",
            "text-innerboder-lost",
            "text-input",
            "text-n-b",
            "text-n-l",
            "text-n-lb",
            "text-n-lt",
            "text-n-r",
            "text-n-rb",
            "text-n-rt",
            "text-n-t",
            "tool-down",
            "toolitem-b",
            "toolitem-c",
            "toolitem-l",
            "toolitem-lb",
            "toolitem-lt",
            "toolitem-r",
            "toolitem-rb",
            "toolitem-rt",
            "toolitem-t",
            "toolitem-textimage",
            "txt",
            "window-bottom",
            "window-bottom-left",
            "window-bottom-right",
            "window-center",
            "window-left",
            "window-left-td",
            "window-right",
            "window-right-td",
            "window-title",
            "window-top",
            "window-top-left",
            "window-top-right",
            "wtitle"
          ],
          [
            "Button",
            "Button_style",
            "ComboPanel",
            "Composite",
            "LWTree",
            "Label",
            "List",
            "ListWrapper",
            "Menu",
            "MenuItem",
            "Menu_style",
            "Shell",
            "ToolBar",
            "ToolItem",
            "Tree",
            "TreeItem-",
            "Window",
            "Window_style",
            "alert-info",
            "application-mask",
            "bg-n",
            "btn-chk",
            "btn-chk-input",
            "btn-chk-n",
            "btn-chk-text",
            "btn-push-f-b",
            "btn-push-f-l",
            "btn-push-f-lb",
            "btn-push-f-lt",
            "btn-push-f-r",
            "btn-push-f-rb",
            "btn-push-f-rt",
            "btn-push-f-t",
            "btn-push-n-b",
            "btn-push-n-center",
            "btn-push-n-l",
            "btn-push-n-lb",
            "btn-push-n-lt",
            "btn-push-n-r",
            "btn-push-n-rb",
            "btn-push-n-rt",
            "btn-push-n-t",
            "btn-table",
            "btn-text",
            "check-on",
            "combo-border",
            "combopanel-drag-i",
            "combopanel-drag-l",
            "content",
            "data",
            "disabled",
            "down",
            "draggable",
            "drop-h",
            "fill",
            "flowproxy-iframe",
            "icon",
            "img",
            "imgbox",
            "inputMask",
            "j-tool",
            "j-tool-close",
            "j-tool-close-hover",
            "j-tool-minimize",
            "j-tool-restore",
            "m-first-r",
            "menu-b",
            "menu-l",
            "menu-lb",
            "menu-lt",
            "menu-r",
            "menu-rb",
            "menu-rt",
            "menu-t",
            "menubody",
            "menuitem-c",
            "menuitem-cascade",
            "menuitem-l",
            "menuitem-r",
            "menuitem-separator-c",
            "menuitem-separator-l",
            "menuitem-separator-r",
            "node-end-line",
            "node-mid-line",
            "node-start-line",
            "radio-on",
            "separator-l",
            "separator-r",
            "sub",
            "text-bg",
            "text-border--b",
            "text-border--l",
            "text-border--lb",
            "text-border--lt",
            "text-border--r",
            "text-border--rb",
            "text-border--rt",
            "text-border--t",
            "text-border-center",
            "text-btn-base",
            "text-innerboder-lost",
            "text-input",
            "text-n-b",
            "text-n-l",
            "text-n-lb",
            "text-n-lt",
            "text-n-r",
            "text-n-rb",
            "text-n-rt",
            "text-n-t",
            "tool-down",
            "toolitem-b",
            "toolitem-c",
            "toolitem-l",
            "toolitem-lb",
            "toolitem-lt",
            "toolitem-r",
            "toolitem-rb",
            "toolitem-rt",
            "toolitem-t",
            "toolitem-textimage",
            "txt",
            "window-bottom",
            "window-bottom-left",
            "window-bottom-right",
            "window-center",
            "window-left",
            "window-left-td",
            "window-right",
            "window-right-td",
            "window-title",
            "window-top",
            "window-top-left",
            "window-top-right",
            "wtitle"
          ],
          [
            "Button",
            "Button_style",
            "ComboPanel",
            "Composite",
            "LWTree",
            "Label",
            "List",
            "ListWrapper",
            "Menu",
            "MenuItem",
            "Menu_style",
            "Shell",
            "ToolBar",
            "ToolItem",
            "Tree",
            "TreeItem-",
            "Window",
            "Window_style",
            "alert-info",
            "application-mask",
            "bg-n",
            "btn-chk",
            "btn-chk-input",
            "btn-chk-n",
            "btn-chk-text",
            "btn-push-f-b",
            "btn-push-f-l",
            "btn-push-f-lb",
            "btn-push-f-lt",
            "btn-push-f-r",
            "btn-push-f-rb",
            "btn-push-f-rt",
            "btn-push-f-t",
            "btn-push-n-b",
            "btn-push-n-center",
            "btn-push-n-l",
            "btn-push-n-lb",
            "btn-push-n-lt",
            "btn-push-n-r",
            "btn-push-n-rb",
            "btn-push-n-rt",
            "btn-push-n-t",
            "btn-table",
            "btn-text",
            "check-on",
            "combo-border",
            "combopanel-drag-i",
            "combopanel-drag-l",
            "content",
            "data",
            "disabled",
            "down",
            "draggable",
            "drop-h",
            "fill",
            "flowproxy-iframe",
            "icon",
            "img",
            "imgbox",
            "inputMask",
            "j-tool",
            "j-tool-close",
            "j-tool-minimize",
            "j-tool-restore",
            "m-first-r",
            "menu-b",
            "menu-l",
            "menu-lb",
            "menu-lt",
            "menu-r",
            "menu-rb",
            "menu-rt",
            "menu-t",
            "menubody",
            "menuitem-c",
            "menuitem-cascade",
            "menuitem-l",
            "menuitem-r",
            "menuitem-separator-c",
            "menuitem-separator-l",
            "menuitem-separator-r",
            "node-end-line",
            "node-start-line",
            "radio-on",
            "separator-l",
            "separator-r",
            "sub",
            "text-bg",
            "text-border--b",
            "text-border--l",
            "text-border--lb",
            "text-border--lt",
            "text-border--r",
            "text-border--rb",
            "text-border--rt",
            "text-border--t",
            "text-border-center",
            "text-btn-base",
            "text-innerboder-lost",
            "text-input",
            "text-n-b",
            "text-n-l",
            "text-n-lb",
            "text-n-lt",
            "text-n-r",
            "text-n-rb",
            "text-n-rt",
            "text-n-t",
            "tool-down",
            "toolitem-b",
            "toolitem-c",
            "toolitem-l",
            "toolitem-lb",
            "toolitem-lt",
            "toolitem-r",
            "toolitem-rb",
            "toolitem-rt",
            "toolitem-t",
            "toolitem-textimage",
            "txt",
            "window-bottom",
            "window-bottom-left",
            "window-bottom-right",
            "window-center",
            "window-left",
            "window-left-td",
            "window-right",
            "window-right-td",
            "window-title",
            "window-top",
            "window-top-left",
            "window-top-right",
            "wtitle"
          ]
        ]
      }
    },
    "page/tagTriplets": {
      "contexts": {
        "context1_4iMV37": [
          [
            "-/-/A",
            "-/-/DIV",
            "-/-/IFRAME",
            "-/-/SCRIPT",
            "-/DIV/DIV",
            "-/DIV/IFRAME",
            "-/DIV/TABLE",
            "DIV/DIV/DIV",
            "DIV/DIV/IFRAME",
            "DIV/DIV/IMG",
            "DIV/DIV/SPAN",
            "DIV/DIV/TABLE",
            "DIV/SPAN/DIV",
            "DIV/SPAN/SPAN",
            "DIV/TABLE/TBODY",
            "TABLE/TBODY/TR",
            "TBODY/TR/TD",
            "TD/DIV/DIV",
            "TD/DIV/IMG",
            "TD/DIV/INPUT-text",
            "TD/DIV/TABLE",
            "TD/TABLE/TBODY",
            "TR/TD/DIV",
            "TR/TD/P",
            "TR/TD/SPAN",
            "TR/TD/TABLE"
          ],
          [
            "-/-/A",
            "-/-/DIV",
            "-/-/IFRAME",
            "-/-/SCRIPT",
            "-/DIV/DIV",
            "-/DIV/IFRAME",
            "-/DIV/TABLE",
            "DIV/DIV/DIV",
            "DIV/DIV/IFRAME",
            "DIV/DIV/IMG",
            "DIV/DIV/SPAN",
            "DIV/DIV/TABLE",
            "DIV/SPAN/DIV",
            "DIV/SPAN/SPAN",
            "DIV/TABLE/TBODY",
            "TABLE/TBODY/TR",
            "TBODY/TR/TD",
            "TD/DIV/DIV",
            "TD/DIV/IMG",
            "TD/DIV/INPUT-text",
            "TD/TABLE/TBODY",
            "TR/TD/DIV",
            "TR/TD/P",
            "TR/TD/SPAN",
            "TR/TD/TABLE"
          ]
        ]
      }
    }
  }
}