{
  "version": "0.1",
  "id": "xzzf",
  "targetURL": "http://218.95.181.41:8081/ajjwork/index.jsp?nId=2&index=3&mhType=1",
  "jsFile": "index.js",
  "requires": {
    "zfjc_xcjcfand": "../zfjc_xcjcfand/index.json"
  },
  "chineseName": " 行政执法",
  "description": "",
  "controls": {
    "control13_D8FoDH": {
      "location": {
        "data": {
          "tagName": "SPAN"
        },
        "userData": {
          "data": [],
          "force": false
        },
        "locators": [
          {
            "id": "button/text",
            "prob": 3,
            "value": {
              "text": [
                "首页"
              ],
              "visText": [
                "首页"
              ]
            }
          },
          {
            "id": "@id/word",
            "prob": 2,
            "value": "descendant::TR[@id=\"menuId\"]/TD[1]/SPAN[1]"
          },
          {
            "id": "@id/nonWord",
            "prob": 1,
            "disabled": true,
            "fact": "s1",
            "value": "descendant::TR[@id=\"menuId\"]//SPAN[@id=\"s1\"]"
          },
          {
            "id": "@class/word",
            "prob": 1,
            "ordinal": [
              0,
              14
            ],
            "value": "DIV.topnav SPAN.span2.word-11"
          },
          {
            "id": "path/ordinal",
            "prob": 1,
            "value": "/HTML[1]/BODY[1]/DIV[1]/TABLE[1]/TBODY[1]/TR[1]/TD[1]/SPAN[1]"
          },
          {
            "id": "elderLevel",
            "value": {
              "level": 0
            }
          }
        ]
      },
      "intendedRole": "button",
      "roles": "element,button",
      "monitored": false,
      "frameXPath": "//frame[@id='topFrame']<<IFRAME>>",
      "componentType": "button"
    },
    "control15_ZVK27R": {
      "location": {
        "data": {
          "tagName": "TD"
        },
        "userData": {
          "data": [],
          "force": false
        },
        "locators": [
          {
            "id": "text",
            "prob": 3,
            "value": {
              "text": [
                "开始时间："
              ],
              "visText": [
                "开始时间："
              ]
            }
          },
          {
            "id": "@class/word",
            "prob": 1,
            "ordinal": [
              0,
              5
            ],
            "value": "TABLE.border-1 TABLE.tab.word-5 TBODY TR TD"
          },
          {
            "id": "path/ordinal",
            "prob": 1,
            "value": "/HTML[1]/BODY[1]/TABLE[3]/TBODY[1]/TR[1]/TD[1]/FORM[1]/TABLE[1]/TBODY[1]/TR[1]/TD[1]"
          },
          {
            "id": "elderLevel",
            "value": {
              "level": 0
            }
          }
        ]
      },
      "roles": "element",
      "content": true,
      "monitored": false,
      "frameXPath": "//frame[@id='mainFrame']<<IFRAME>>//frame[@name='iframeid'][@id='iframeid']<<IFRAME>>",
      "componentType": "content"
    },
    "control19_aTpUPy": {
      "location": {
        "data": {
          "tagName": "TD"
        },
        "userData": {
          "data": [],
          "force": false
        },
        "locators": [
          {
            "id": "text",
            "prob": 3,
            "value": {
              "text": [
                "结束时间："
              ],
              "visText": [
                "结束时间："
              ]
            }
          },
          {
            "id": "@class/word",
            "prob": 1,
            "ordinal": [
              2,
              5
            ],
            "value": "TABLE.border-1 TABLE.tab.word-5 TBODY TR TD"
          },
          {
            "id": "path/ordinal",
            "prob": 1,
            "value": "/HTML[1]/BODY[1]/TABLE[3]/TBODY[1]/TR[1]/TD[1]/FORM[1]/TABLE[1]/TBODY[1]/TR[1]/TD[3]"
          },
          {
            "id": "elderLevel",
            "value": {
              "level": 0
            }
          }
        ]
      },
      "roles": "element",
      "content": true,
      "monitored": false,
      "frameXPath": "//frame[@id='mainFrame']<<IFRAME>>//frame[@name='iframeid'][@id='iframeid']<<IFRAME>>",
      "componentType": "content"
    },
    "control25_VzCR4R": {
      "location": {
        "data": {
          "tagName": "TD"
        },
        "userData": {
          "data": [],
          "force": false
        },
        "locators": [
          {
            "id": "@id/word",
            "prob": 1,
            "value": "descendant::TABLE[@id=\"rpt\"]/TBODY[1]/TR[1]/TD[1]/TABLE[1]/TBODY[1]/TR[1]/TD[1]"
          },
          {
            "id": "path/ordinal",
            "prob": 1,
            "value": "/HTML[1]/BODY[1]/TABLE[1]/TBODY[1]/TR[1]/TD[1]/TABLE[1]/TBODY[1]/TR[1]/TD[1]/TABLE[1]/TBODY[1]/TR[1]/TD[1]"
          }
        ]
      },
      "events": {
        "onGetData": "getData_control25_VzCR4R"
      },
      "intendedRole": "custom",
      "roles": "element,custom",
      "monitored": true,
      "frameXPath": "//frame[@id='mainFrame']<<IFRAME>>//frame[@name='iframeid'][@id='iframeid']<<IFRAME>>//iframe[contains(@name,'reportFrame')][contains(@id,'reportFrame')]<<IFRAME>>",
      "componentType": "custom"
    },
    "control26_HQzHSx": {
      "location": {
        "data": {
          "tagName": "SPAN"
        },
        "userData": {
          "data": [],
          "force": false
        },
        "locators": [
          {
            "id": "text",
            "prob": 3,
            "ordinal": [
              1,
              2
            ],
            "value": {
              "text": [
                "统计结果"
              ],
              "visText": [
                "统计结果"
              ]
            }
          },
          {
            "id": "@class/word",
            "prob": 1,
            "ordinal": [
              1,
              2
            ],
            "value": "TD.tab-tit SPAN.span-1 SPAN.word-2"
          },
          {
            "id": "path/ordinal",
            "prob": 1,
            "value": "/HTML[1]/BODY[1]/TABLE[5]/TBODY[1]/TR[1]/TD[1]/SPAN[1]/SPAN[1]"
          },
          {
            "id": "elderLevel",
            "value": {
              "level": 0
            }
          }
        ]
      },
      "roles": "element",
      "content": true,
      "monitored": false,
      "frameXPath": "//frame[@id='mainFrame']<<IFRAME>>//frame[@name='iframeid'][@id='iframeid']<<IFRAME>>",
      "componentType": "content"
    },
    "control16_KGikci": {
      "location": {
        "data": {
          "tagName": "DIV"
        },
        "userData": {
          "data": [],
          "force": false
        },
        "locators": [
          {
            "id": "button/text",
            "prob": 3,
            "value": {
              "text": [
                "全区行政执法统计表(按地区分类)"
              ],
              "visText": [
                "全区行政执法统计表(按地区分类)"
              ]
            }
          },
          {
            "id": "@class/word",
            "prob": 1,
            "value": "TABLE.mar-1 TD.td-line-1 DIV.td-tab-1"
          },
          {
            "id": "path/ordinal",
            "prob": 1,
            "value": "/HTML[1]/BODY[1]/TABLE[4]/TBODY[1]/TR[1]/TD[1]/A[1]/DIV[1]"
          },
          {
            "id": "elderLevel",
            "value": {
              "level": 0
            }
          }
        ]
      },
      "intendedRole": "button",
      "roles": "element,button",
      "monitored": false,
      "frameXPath": "//frame[@id='mainFrame']<<IFRAME>>//frame[@name='iframeid'][@id='iframeid']<<IFRAME>>",
      "componentType": "button"
    },
    "control17_sIcUAq": {
      "location": {
        "data": {
          "tagName": "DIV"
        },
        "userData": {
          "data": [],
          "force": false
        },
        "locators": [
          {
            "id": "button/text",
            "prob": 3,
            "value": {
              "text": [
                "全区行政执法统计表(按行业分类)"
              ],
              "visText": [
                "全区行政执法统计表(按行业分类)"
              ]
            }
          },
          {
            "id": "@class/word",
            "prob": 1,
            "value": "TABLE.mar-1 TD.td-line-1 DIV.td-tab-2"
          },
          {
            "id": "path/ordinal",
            "prob": 1,
            "value": "/HTML[1]/BODY[1]/TABLE[4]/TBODY[1]/TR[1]/TD[1]/A[2]/DIV[1]"
          },
          {
            "id": "style/color",
            "value": [
              99,
              154,
              201
            ]
          },
          {
            "id": "elderLevel",
            "value": {
              "level": 0
            }
          }
        ]
      },
      "intendedRole": "button",
      "roles": "element,button",
      "monitored": false,
      "frameXPath": "//frame[@id='mainFrame']<<IFRAME>>//frame[@name='iframeid'][@id='iframeid']<<IFRAME>>",
      "componentType": "button"
    },
    "control23_MZAOyo": {
      "location": {
        "data": {
          "tagName": "TD"
        },
        "userData": {
          "data": [],
          "force": false
        },
        "locators": [
          {
            "id": "@class/word",
            "prob": 1,
            "ordinal": [
              1,
              2
            ],
            "value": "TABLE.mar-1 TD.tab-tit"
          },
          {
            "id": "path/ordinal",
            "prob": 1,
            "value": "/HTML[1]/BODY[1]/TABLE[5]/TBODY[1]/TR[1]/TD[1]"
          }
        ]
      },
      "events": {
        "onGetData": "getData_control23_MZAOyo"
      },
      "intendedRole": "custom",
      "roles": "element,custom",
      "monitored": true,
      "frameXPath": "//frame[@id='mainFrame']<<IFRAME>>//frame[@name='iframeid'][@id='iframeid']<<IFRAME>>",
      "componentType": "custom"
    },
    "control18_wD3N3g": {
      "location": {
        "data": {
          "tagName": "TD"
        },
        "userData": {
          "data": [],
          "force": false
        },
        "locators": [
          {
            "id": "@class/word",
            "prob": 1,
            "ordinal": [
              1,
              2
            ],
            "value": "TABLE.mar-1 TD.tab-tit"
          },
          {
            "id": "path/ordinal",
            "prob": 1,
            "value": "/HTML[1]/BODY[1]/TABLE[5]/TBODY[1]/TR[1]/TD[1]"
          }
        ]
      },
      "events": {
        "onGetData": "getData_control18_wD3N3g"
      },
      "intendedRole": "custom",
      "roles": "element,custom",
      "monitored": true,
      "frameXPath": "//frame[@id='mainFrame']<<IFRAME>>//frame[@name='iframeid'][@id='iframeid']<<IFRAME>>",
      "componentType": "custom"
    },
    "control24_i5lvDh": {
      "location": {
        "data": {
          "tagName": "SPAN"
        },
        "userData": {
          "data": [],
          "force": false
        },
        "locators": [
          {
            "id": "text",
            "prob": 3,
            "value": {
              "text": [
                "统计报表"
              ],
              "visText": [
                "统计报表"
              ]
            }
          },
          {
            "id": "@class/word",
            "prob": 1,
            "value": "TD.pad-3 SPAN.word-6"
          },
          {
            "id": "path/ordinal",
            "prob": 1,
            "value": "/HTML[1]/BODY[1]/TABLE[1]/TBODY[1]/TR[1]/TD[1]/SPAN[1]"
          },
          {
            "id": "elderLevel",
            "value": {
              "level": 0
            }
          }
        ]
      },
      "roles": "element",
      "text": "统计报表",
      "frameXPath": "//frame[@id='mainFrame']<<IFRAME>>//frame[@name='iframeid'][@id='iframeid']<<IFRAME>>"
    },
    "control71_478yFF": {
      "location": {
        "data": {
          "tagName": "INPUT"
        },
        "userData": {
          "data": [],
          "force": false
        },
        "locators": [
          {
            "id": "elem/@name",
            "prob": 1,
            "value": "descendant::INPUT[@name=\"TimeStart1\"]"
          },
          {
            "id": "@class/word",
            "prob": 1,
            "ordinal": [
              0,
              2
            ],
            "value": "TABLE.border-1 TABLE.tab.word-5 INPUT.input"
          },
          {
            "id": "path/ordinal",
            "prob": 1,
            "value": "/HTML[1]/BODY[1]/TABLE[3]/TBODY[1]/TR[1]/TD[1]/FORM[1]/TABLE[1]/TBODY[1]/TR[1]/TD[2]/INPUT[1]"
          },
          {
            "id": "input/type",
            "verifyEnabled": true,
            "value": "text"
          }
        ]
      },
      "events": {
        "onGetData": "getData_control71_478yFF"
      },
      "intendedRole": "custom",
      "roles": "element,textbox,custom",
      "monitored": true,
      "frameXPath": "//frame[@id='mainFrame']<<IFRAME>>//frame[@name='iframeid'][@id='iframeid']<<IFRAME>>",
      "componentType": "custom"
    },
    "control83_Mt24TU": {
      "location": {
        "data": {
          "tagName": "INPUT"
        },
        "userData": {
          "data": [],
          "force": false
        },
        "locators": [
          {
            "id": "elem/@name",
            "prob": 1,
            "value": "descendant::INPUT[@name=\"TimeEnd1\"]"
          },
          {
            "id": "@class/word",
            "prob": 1,
            "ordinal": [
              1,
              2
            ],
            "value": "TABLE.border-1 TABLE.tab.word-5 INPUT.input"
          },
          {
            "id": "path/ordinal",
            "prob": 1,
            "value": "/HTML[1]/BODY[1]/TABLE[3]/TBODY[1]/TR[1]/TD[1]/FORM[1]/TABLE[1]/TBODY[1]/TR[1]/TD[4]/INPUT[1]"
          },
          {
            "id": "input/type",
            "verifyEnabled": true,
            "value": "text"
          }
        ]
      },
      "events": {
        "onGetData": "getData_control83_Mt24TU"
      },
      "intendedRole": "custom",
      "roles": "element,textbox,custom",
      "monitored": true,
      "frameXPath": "//frame[@id='mainFrame']<<IFRAME>>//frame[@name='iframeid'][@id='iframeid']<<IFRAME>>",
      "componentType": "custom"
    },
    "control84_EOtSbt": {
      "location": {
        "data": {
          "tagName": "INPUT"
        },
        "userData": {
          "data": [],
          "force": false
        },
        "locators": [
          {
            "id": "input/button/@value",
            "prob": 3,
            "value": {
              "text": [
                "查 询"
              ]
            }
          },
          {
            "id": "elem/@name",
            "prob": 2,
            "value": "descendant::INPUT[@name=\"button\"]"
          },
          {
            "id": "@id/word",
            "prob": 3,
            "value": "descendant::INPUT[@id=\"button\"]"
          },
          {
            "id": "@class/word",
            "prob": 1,
            "value": "TABLE.border-1 TABLE.tab.word-5 INPUT.intbut-1"
          },
          {
            "id": "path/ordinal",
            "prob": 1,
            "value": "/HTML[1]/BODY[1]/TABLE[3]/TBODY[1]/TR[1]/TD[1]/FORM[1]/TABLE[1]/TBODY[1]/TR[2]/TD[1]/INPUT[1]"
          },
          {
            "id": "input/type",
            "verifyEnabled": true,
            "value": "button"
          }
        ]
      },
      "events": {
        "onGetData": "getData_control84_EOtSbt"
      },
      "intendedRole": "custom",
      "roles": "element,button,custom",
      "monitored": true,
      "frameXPath": "//frame[@id='mainFrame']<<IFRAME>>//frame[@name='iframeid'][@id='iframeid']<<IFRAME>>",
      "componentType": "custom"
    },
    "control91_TDkyul": {
      "location": {
        "data": {
          "tagName": "DIV"
        },
        "userData": {
          "data": [],
          "force": false
        },
        "locators": [
          {
            "id": "button/text",
            "prob": 3,
            "ordinal": [
              0,
              2
            ],
            "value": {
              "text": [
                "统计报表"
              ],
              "visText": [
                "统计报表"
              ]
            }
          },
          {
            "id": "@id/word",
            "prob": 2,
            "value": "descendant::TD[@id=\"leftmenu\"]/DIV[1]"
          },
          {
            "id": "@class/word",
            "prob": 1,
            "value": "BODY.bg-1 TD.pad-1 DIV.word-4.leftmenu1"
          },
          {
            "id": "path/ordinal",
            "prob": 1,
            "value": "/HTML[1]/BODY[1]/TABLE[1]/TBODY[1]/TR[1]/TD[1]/DIV[1]"
          }
        ]
      },
      "intendedRole": "button",
      "roles": "element,button",
      "monitored": false,
      "frameXPath": "//frame[@id='mainFrame']<<IFRAME>>//frame[@id='topFrame']<<IFRAME>>",
      "componentType": "button"
    },
    "control92_uOhV0X": {
      "location": {
        "data": {
          "tagName": "DIV"
        },
        "userData": {
          "data": [],
          "force": false
        },
        "locators": [
          {
            "id": "button/text",
            "prob": 3,
            "value": {
              "text": [
                "执法检查"
              ],
              "visText": [
                "执法检查"
              ]
            }
          },
          {
            "id": "@id/word",
            "prob": 2,
            "value": "descendant::TD[@id=\"leftmenu\"]/DIV[5]"
          },
          {
            "id": "@class/word",
            "prob": 1,
            "ordinal": [
              1,
              5
            ],
            "value": "BODY.bg-1 TD.pad-1 DIV.word-4.leftmenu2"
          },
          {
            "id": "path/ordinal",
            "prob": 1,
            "value": "/HTML[1]/BODY[1]/TABLE[1]/TBODY[1]/TR[1]/TD[1]/DIV[5]"
          }
        ]
      },
      "intendedRole": "button",
      "roles": "element,button",
      "monitored": false,
      "frameXPath": "//frame[@id='mainFrame']<<IFRAME>>//frame[@id='topFrame']<<IFRAME>>",
      "componentType": "button"
    }
  },
  "contexts": {
    "context4_5uU4zB": {
      "controls": [
        "control13_D8FoDH",
        "control15_ZVK27R",
        "control19_aTpUPy",
        "control25_VzCR4R",
        "control26_HQzHSx",
        "control16_KGikci",
        "control17_sIcUAq",
        "control23_MZAOyo",
        "control18_wD3N3g",
        "control71_478yFF",
        "control83_Mt24TU",
        "control84_EOtSbt",
        "control91_TDkyul",
        "control92_uOhV0X"
      ],
      "anchors": [
        "control24_i5lvDh"
      ],
      "urlAnchor": []
    }
  },
  "flows": {
    "flow12_lUdH9E": {
      "toContexts": [
        {
          "toContextId": "context4_5uU4zB"
        }
      ]
    },
    "flow13_5Mskhe": {
      "fromContextId": "context4_5uU4zB",
      "fromAction": "click",
      "fromControlId": "control13_D8FoDH",
      "toContexts": [
        {
          "toContextId": "context4_5uU4zB"
        }
      ]
    },
    "flow15_zp0lfH": {
      "fromContextId": "context4_5uU4zB",
      "fromAction": "click",
      "fromControlId": "control15_ZVK27R",
      "toContexts": [
        {
          "toContextId": "context4_5uU4zB"
        }
      ]
    },
    "flow14_mSuFn0": {
      "fromContextId": "context4_5uU4zB",
      "fromAction": "doAction",
      "fromControlId": "control25_VzCR4R",
      "toContexts": [
        {
          "toContextId": "context4_5uU4zB"
        }
      ]
    },
    "flow11_blA1VK": {
      "fromContextId": "context4_5uU4zB",
      "fromAction": "click",
      "fromControlId": "control16_KGikci",
      "toContexts": [
        {
          "toContextId": "context4_5uU4zB"
        }
      ]
    },
    "flow18_NbFDPW": {
      "fromContextId": "context4_5uU4zB",
      "fromAction": "doAction",
      "fromControlId": "control18_wD3N3g",
      "toContexts": [
        {
          "toContextId": "context4_5uU4zB"
        }
      ]
    },
    "flow36_qET12o": {
      "fromContextId": "context4_5uU4zB",
      "fromAction": "click",
      "fromControlId": "control17_sIcUAq",
      "toContexts": [
        {
          "toContextId": "context4_5uU4zB"
        }
      ]
    },
    "flow42_gWkRCl": {
      "fromContextId": "context4_5uU4zB",
      "fromAction": "doAction",
      "fromControlId": "control71_478yFF",
      "toContexts": [
        {
          "toContextId": "context4_5uU4zB"
        }
      ]
    },
    "flow49_gQ39dR": {
      "fromContextId": "context4_5uU4zB",
      "fromAction": "click",
      "fromControlId": "control19_aTpUPy",
      "toContexts": [
        {
          "toContextId": "context4_5uU4zB"
        }
      ]
    },
    "flow50_Z0TvGE": {
      "fromContextId": "context4_5uU4zB",
      "fromAction": "doAction",
      "fromControlId": "control83_Mt24TU",
      "toContexts": [
        {
          "toContextId": "context4_5uU4zB"
        }
      ]
    },
    "flow51_aUvt9S": {
      "fromContextId": "context4_5uU4zB",
      "fromAction": "doAction",
      "fromControlId": "control84_EOtSbt",
      "toContexts": [
        {
          "toContextId": "context4_5uU4zB"
        }
      ]
    },
    "flow59_u7wEnQ": {
      "fromContextId": "context4_5uU4zB",
      "fromAction": "click",
      "fromControlId": "control91_TDkyul",
      "toContexts": [
        {
          "toContextId": "context4_5uU4zB"
        }
      ]
    },
    "flow60_eEL86f": {
      "fromContextId": "context4_5uU4zB",
      "fromAction": "click",
      "fromControlId": "control92_uOhV0X",
      "toContexts": [
        {
          "toContextId": "context4_5uU4zB"
        },
        {
          "toContextId": "context5_ZDVJTR",
          "toModelId": "zfjc_xcjcfand"
        }
      ]
    }
  },
  "pages": {
    "page4_9OJvIV": {
      "contextId": "context4_5uU4zB",
      "layout": [
        {
          "id": "uiControl17_JHS3zo",
          "display": {
            "title": "统计报表",
            "type": "header",
            "adapterId": "header",
            "adapter": {
              "templateType": ""
            }
          },
          "layout": [
            {
              "id": "uiControl17_JHS3zoheaderLeft",
              "display": {
                "type": "headerLeft",
                "adapterId": "headerLeft",
                "adapter": {
                  "templateType": ""
                }
              },
              "layout": [
                {
                  "id": "uiControl18_bqDDPw",
                  "controlId": "control13_D8FoDH",
                  "display": {
                    "adapterId": "clickable",
                    "type": "button",
                    "amStyle": "",
                    "adapter": {
                      "templateType": ""
                    }
                  }
                }
              ]
            },
            {
              "id": "uiControl17_JHS3zoheaderRight",
              "display": {
                "type": "headerRight",
                "adapterId": "headerRight",
                "adapter": {
                  "templateType": ""
                }
              },
              "layout": []
            }
          ]
        },
        {
          "id": "uiControl19_dTSB2X",
          "display": {
            "type": "card",
            "adapterId": "card",
            "adapter": {
              "templateType": ""
            }
          },
          "layout": [
            {
              "id": "uiControl19_dTSB2Xheader",
              "display": {
                "type": "cardHeader",
                "text": "",
                "adapterId": "cardHeader",
                "adapter": {
                  "templateType": ""
                }
              },
              "layout": []
            },
            {
              "id": "uiControl19_dTSB2Xbody",
              "display": {
                "type": "cardBody",
                "adapterId": "cardBody",
                "adapter": {
                  "templateType": ""
                }
              },
              "layout": [
                {
                  "id": "uiControl21_I4BBKG",
                  "display": {
                    "presentation": "confirm",
                    "type": "dialog",
                    "adapterId": "dialog",
                    "actionsButtonText": "统计条件",
                    "class": "tjtj",
                    "adapter": {
                      "templateType": ""
                    }
                  },
                  "layout": [
                    {
                      "id": "uiControl21_I4BBKGbody",
                      "display": {
                        "type": "dialogBody",
                        "adapterId": "dialogBody",
                        "adapter": {
                          "templateType": ""
                        }
                      },
                      "layout": [
                        {
                          "id": "uiControl25_CeHQX5",
                          "controlId": "control15_ZVK27R",
                          "display": {
                            "adapterId": "content",
                            "type": "content",
                            "adapter": {
                              "templateType": ""
                            }
                          }
                        },
                        {
                          "id": "uiControl91_eqHzVb",
                          "controlId": "control71_478yFF",
                          "display": {
                            "adapterId": "custom",
                            "type": "custom",
                            "adapter": {
                              "templateType": "react",
                              "events": {
                                "onDoAction": "doAction_uiControl91_eqHzVb",
                                "onGetTemplate": "getTemplate_uiControl91_eqHzVb"
                              }
                            }
                          }
                        },
                        {
                          "id": "uiControl29_obkVvz",
                          "controlId": "control19_aTpUPy",
                          "display": {
                            "adapterId": "content",
                            "type": "content",
                            "adapter": {
                              "templateType": ""
                            }
                          }
                        },
                        {
                          "id": "uiControl103_XH5rxF",
                          "controlId": "control83_Mt24TU",
                          "display": {
                            "adapterId": "custom",
                            "type": "custom",
                            "adapter": {
                              "templateType": "react",
                              "events": {
                                "onDoAction": "doAction_uiControl103_XH5rxF",
                                "onGetTemplate": "getTemplate_uiControl103_XH5rxF"
                              }
                            }
                          }
                        }
                      ]
                    },
                    {
                      "id": "uiControl21_I4BBKGfooter",
                      "display": {
                        "type": "dialogFooter",
                        "adapterId": "dialogFooter",
                        "adapter": {
                          "templateType": ""
                        }
                      },
                      "layout": [
                        {
                          "id": "uiControl104_meBgD1",
                          "controlId": "control84_EOtSbt",
                          "display": {
                            "adapterId": "custom",
                            "type": "custom",
                            "adapter": {
                              "templateType": "react",
                              "events": {
                                "onDoAction": "doAction_uiControl104_meBgD1",
                                "onGetTemplate": "getTemplate_uiControl104_meBgD1"
                              }
                            }
                          }
                        }
                      ]
                    }
                  ]
                },
                {
                  "id": "uiControl114_LMu4D1",
                  "display": {
                    "type": "grid",
                    "adapterId": "grid",
                    "class": "marginT10",
                    "adapter": {
                      "templateType": ""
                    }
                  },
                  "layout": [
                    {
                      "id": "uiControl114_LMu4D1row0",
                      "display": {
                        "cols": 3,
                        "type": "col",
                        "adapterId": "col",
                        "adapter": {
                          "templateType": ""
                        }
                      },
                      "layout": [
                        {
                          "id": "uiControl115_WnZlfH",
                          "controlId": "control91_TDkyul",
                          "display": {
                            "adapterId": "clickable",
                            "type": "button",
                            "hollow": false,
                            "amSize": "sm",
                            "amStyle": "primary",
                            "adapter": {
                              "templateType": ""
                            }
                          }
                        }
                      ]
                    },
                    {
                      "id": "uiControl114_LMu4D1row1",
                      "display": {
                        "cols": 3,
                        "type": "col",
                        "adapterId": "col",
                        "adapter": {
                          "templateType": ""
                        }
                      },
                      "layout": [
                        {
                          "id": "uiControl116_LmP6v9",
                          "controlId": "control92_uOhV0X",
                          "display": {
                            "adapterId": "clickable",
                            "type": "button",
                            "hollow": false,
                            "amStyle": "secondary",
                            "amSize": "sm",
                            "adapter": {
                              "templateType": ""
                            }
                          }
                        }
                      ]
                    }
                  ]
                },
                {
                  "id": "uiControl20_JDdGU2",
                  "display": {
                    "type": "grid",
                    "adapterId": "grid",
                    "class": "marginT10",
                    "adapter": {
                      "templateType": ""
                    }
                  },
                  "layout": [
                    {
                      "id": "uiControl20_JDdGU2row0",
                      "display": {
                        "cols": 3,
                        "type": "col",
                        "adapterId": "col",
                        "adapter": {
                          "templateType": ""
                        }
                      },
                      "layout": [
                        {
                          "id": "uiControl22_HrozVK",
                          "controlId": "control16_KGikci",
                          "display": {
                            "adapterId": "clickable",
                            "type": "button",
                            "text": "按地区分类",
                            "amStyle": "primary",
                            "amSize": "sm",
                            "adapter": {
                              "templateType": ""
                            }
                          }
                        }
                      ]
                    },
                    {
                      "id": "uiControl20_JDdGU2row1",
                      "display": {
                        "cols": 3,
                        "type": "col",
                        "adapterId": "col",
                        "adapter": {
                          "templateType": ""
                        }
                      },
                      "layout": [
                        {
                          "id": "uiControl23_Zto9PM",
                          "controlId": "control17_sIcUAq",
                          "display": {
                            "adapterId": "clickable",
                            "type": "button",
                            "text": "按行业分类",
                            "amSize": "sm",
                            "amStyle": "success",
                            "hollow": false,
                            "adapter": {
                              "templateType": ""
                            }
                          }
                        }
                      ]
                    }
                  ]
                }
              ]
            },
            {
              "id": "uiControl19_dTSB2Xfooter",
              "display": {
                "type": "cardFooter",
                "adapterId": "cardFooter",
                "adapter": {
                  "templateType": ""
                }
              },
              "layout": []
            }
          ]
        },
        {
          "id": "uiControl32_eEITmE",
          "display": {
            "type": "card",
            "adapterId": "card",
            "adapter": {
              "templateType": ""
            }
          },
          "layout": [
            {
              "id": "uiControl32_eEITmEheader",
              "display": {
                "type": "cardHeader",
                "text": "",
                "adapterId": "cardHeader",
                "adapter": {
                  "templateType": ""
                }
              },
              "layout": []
            },
            {
              "id": "uiControl32_eEITmEbody",
              "display": {
                "type": "cardBody",
                "adapterId": "cardBody",
                "adapter": {
                  "templateType": ""
                }
              },
              "layout": [
                {
                  "id": "uiControl37_au08id",
                  "controlId": "control26_HQzHSx",
                  "display": {
                    "adapterId": "content",
                    "type": "content",
                    "adapter": {
                      "templateType": ""
                    }
                  }
                },
                {
                  "id": "uiControl36_g7DBMu",
                  "controlId": "control25_VzCR4R",
                  "display": {
                    "adapterId": "custom",
                    "type": "custom",
                    "adapter": {
                      "templateType": "react",
                      "events": {
                        "onDoAction": "doAction_uiControl36_g7DBMu",
                        "onGetTemplate": "getTemplate_uiControl36_g7DBMu"
                      }
                    }
                  }
                },
                {
                  "id": "uiControl33_V5aORN",
                  "controlId": "control23_MZAOyo",
                  "display": {
                    "adapterId": "custom",
                    "type": "custom",
                    "adapter": {
                      "templateType": "react",
                      "events": {
                        "onDoAction": "doAction_uiControl33_V5aORN",
                        "onGetTemplate": "getTemplate_uiControl33_V5aORN"
                      }
                    }
                  }
                },
                {
                  "id": "uiControl26_v2FBPc",
                  "controlId": "control18_wD3N3g",
                  "display": {
                    "adapterId": "custom",
                    "type": "custom",
                    "adapter": {
                      "templateType": "react",
                      "events": {
                        "onDoAction": "doAction_uiControl26_v2FBPc",
                        "onGetTemplate": "getTemplate_uiControl26_v2FBPc"
                      }
                    }
                  }
                }
              ]
            },
            {
              "id": "uiControl32_eEITmEfooter",
              "display": {
                "type": "cardFooter",
                "adapterId": "cardFooter",
                "adapter": {
                  "templateType": ""
                }
              },
              "layout": []
            }
          ]
        }
      ]
    }
  },
  "matchers": {
    "page/title": {
      "contexts": {
        "context4_5uU4zB": [
          "宁夏回族自治区安全生产综合监管信息平台"
        ]
      }
    },
    "page/urls": {
      "contexts": {
        "context4_5uU4zB": [
          "218.95.181.41:8081/ajjwork/index.jsp?nId=2&index=3&mhType=1"
        ]
      }
    },
    "page/ids": {
      "contexts": {
        "context4_5uU4zB": [
          [
            "mainFrame",
            "topFrame"
          ]
        ]
      }
    },
    "page/classes": {
      "contexts": {
        "context4_5uU4zB": [
          []
        ]
      }
    },
    "page/tagTriplets": {
      "contexts": {
        "context4_5uU4zB": [
          [
            "-/-/FRAME"
          ]
        ]
      }
    }
  }
}