{
  "version": "0.1",
  "id": "bbb",
  "targetURL": "http://172.16.100.150:9799/jqreport/jqr",
  "jsFile": "index.js",
  "requires": {
    "ccc": "../ccc/index.json"
  },
  "chineseName": "bbb",
  "description": "",
  "firstPaintEnable": false,
  "controls": {
    "control1_pFSqfT": {
      "location": {
        "data": {
          "tagName": "SPAN"
        },
        "userData": {
          "data": [],
          "force": false
        },
        "locators": [
          {
            "id": "button/text",
            "prob": 3,
            "ordinal": [
              1,
              2
            ],
            "value": {
              "text": [
                "统计工业增加值月报"
              ],
              "visText": [
                "统计工业增加值月报"
              ]
            }
          },
          {
            "id": "@id/partialWord",
            "prob": 1,
            "disabled": true,
            "value": {
              "elemId": "function:FC3F329211127847512A59963B6249A7",
              "tagName": "DIV",
              "prefix": "",
              "suffix": "/SPAN[2]/SPAN[3]",
              "ratio": 0.157
            }
          },
          {
            "id": "path/ordinal",
            "prob": 1,
            "value": "/HTML[1]/BODY[1]/DIV[2]/DIV[1]/DIV[2]/DIV[1]/DIV[1]/DIV[1]/DIV[1]/SPAN[2]/SPAN[3]"
          },
          {
            "id": "elderLevel",
            "value": {
              "level": 0
            }
          }
        ]
      },
      "intendedRole": "button",
      "roles": "element,button",
      "monitored": false,
      "frameXPath": "//iframe[contains(@id,'_e_')]<<IFRAME>>//iframe[contains(@id,'_e_')]<<IFRAME>>",
      "componentType": "button"
    },
    "control10_lIbHJE": {
      "location": {
        "data": {
          "tagName": "DIV"
        },
        "userData": {
          "data": [],
          "force": false
        },
        "locators": [
          {
            "id": "text",
            "prob": 3,
            "ordinal": [
              0,
              3
            ],
            "value": {
              "text": [
                "您好！移动测试 中国兵器装备集团公司（本部） 数据管理数据编制"
              ],
              "visText": [
                "您好！移动测试 中国兵器装备集团公司（本部） 数据管理数据编制"
              ]
            }
          },
          {
            "id": "@id/nonWord",
            "prob": 1,
            "disabled": true,
            "fact": "_e_19",
            "value": "descendant::DIV[@id=\"_e_19\"]"
          },
          {
            "id": "@class/word",
            "prob": 1,
            "ordinal": [
              0,
              29
            ],
            "value": "DIV.Composite"
          },
          {
            "id": "path/ordinal",
            "prob": 1,
            "value": "/HTML[1]/BODY[1]/DIV[1]"
          },
          {
            "id": "shield",
            "value": {
              "zIndex": "auto",
              "width": 913,
              "height": 517
            }
          }
        ]
      },
      "roles": "element",
      "text": "您好！移动测试  中国兵器装备集团公司（本部）数据管理数据编制",
      "frameXPath": "//iframe[contains(@id,'_e_')]<<IFRAME>>",
      "customJS": "if(elem.ownerDocument.defaultView.frameElement.previousElementSibling==null){return true;}else{return false;}"
    },
    "control17_PhO7EC": {
      "location": {
        "data": {
          "tagName": "SPAN"
        },
        "userData": {
          "data": [],
          "force": false
        },
        "locators": [
          {
            "id": "@id/nonWord",
            "prob": 1,
            "disabled": true,
            "fact": "_e_41",
            "value": "descendant::DIV[@id=\"_e_41\"]/SPAN[1]"
          },
          {
            "id": "@class/word",
            "prob": 1,
            "ordinal": [
              3,
              4
            ],
            "value": "DIV.Composite DIV.Composite DIV.Label SPAN"
          },
          {
            "id": "path/ordinal",
            "prob": 1,
            "value": "/HTML[1]/BODY[1]/DIV[1]/DIV[1]/DIV[1]/DIV[4]/DIV[3]/DIV[1]/DIV[1]/DIV[1]/DIV[3]/DIV[2]/DIV[2]/DIV[1]/SPAN[1]"
          },
          {
            "id": "elderLevel",
            "value": {
              "level": 0
            }
          }
        ]
      },
      "intendedRole": "header",
      "roles": "element,header",
      "monitored": false,
      "frameXPath": "//iframe[contains(@id,'_e_')]<<IFRAME>>",
      "componentType": "header"
    }
  },
  "contexts": {
    "context3_qG8WuW": {
      "controls": [
        "control1_pFSqfT",
        "control17_PhO7EC"
      ],
      "anchors": [
        "control10_lIbHJE"
      ],
      "urlAnchor": []
    }
  },
  "flows": {
    "flow8_uRrNZ0": {
      "fromContextId": "context3_qG8WuW",
      "fromAction": "click",
      "fromControlId": "control1_QTQnsT",
      "toContexts": [
        {
          "toContextId": "context3_qG8WuW"
        }
      ]
    },
    "flow9_3TZk7C": {
      "fromContextId": "context3_qG8WuW",
      "fromAction": "click",
      "fromControlId": "control1_pFSqfT",
      "toContexts": [
        {
          "toContextId": "context3_qG8WuW"
        },
        {
          "toContextId": "context4_rKGOda",
          "toModelId": "ccc"
        }
      ]
    },
    "flow13_sQl0lz": {
      "toContexts": [
        {
          "toContextId": "context3_qG8WuW"
        }
      ]
    }
  },
  "pages": {
    "page3_W3zfUk": {
      "contextId": "context3_qG8WuW",
      "layout": [
        {
          "id": "uiControl9_RTgWxT",
          "controlId": "control17_PhO7EC",
          "display": {
            "adapterId": "header",
            "type": "header",
            "amStyle": "dark",
            "title": "统计工业增加值月报",
            "adapter": {
              "templateType": ""
            }
          },
          "layout": [
            {
              "id": "uiControl9_RTgWxTheaderLeft",
              "display": {
                "type": "headerLeft",
                "adapterId": "headerLeft",
                "adapter": {
                  "templateType": ""
                }
              },
              "layout": []
            },
            {
              "id": "uiControl9_RTgWxTheaderRight",
              "display": {
                "type": "headerRight",
                "adapterId": "headerRight",
                "adapter": {
                  "templateType": ""
                }
              },
              "layout": []
            }
          ]
        },
        {
          "id": "uiControl2_47tkC2",
          "controlId": "control1_pFSqfT",
          "display": {
            "adapterId": "clickable",
            "type": "button",
            "amStyle": "primary",
            "adapter": {
              "templateType": ""
            }
          }
        }
      ]
    }
  },
  "matchers": {
    "page/title": {
      "contexts": {
        "context3_qG8WuW": [
          "综合统计信息系统"
        ]
      }
    },
    "page/urls": {
      "contexts": {
        "context3_qG8WuW": [
          "172.16.100.150:9799/jqreport/jqr"
        ]
      }
    },
    "page/ids": {
      "contexts": {
        "context3_qG8WuW": [
          [
            "TrapProgress",
            "_e_",
            "alert_content",
            "alert_ok",
            "chrome_clipboard_load",
            "confirm_cancel",
            "confirm_content",
            "confirm_ok",
            "printNativeIframe",
            "system_alert_window",
            "system_confirm_window"
          ]
        ]
      }
    },
    "page/classes": {
      "contexts": {
        "context3_qG8WuW": [
          [
            "Button",
            "Button_style",
            "Composite",
            "Shell",
            "Window",
            "Window_style",
            "alert-info",
            "application-mask",
            "btn-push-f-b",
            "btn-push-f-l",
            "btn-push-f-lb",
            "btn-push-f-lt",
            "btn-push-f-r",
            "btn-push-f-rb",
            "btn-push-f-rt",
            "btn-push-f-t",
            "btn-push-n-b",
            "btn-push-n-center",
            "btn-push-n-l",
            "btn-push-n-lb",
            "btn-push-n-lt",
            "btn-push-n-r",
            "btn-push-n-rb",
            "btn-push-n-rt",
            "btn-push-n-t",
            "btn-text",
            "draggable",
            "fill",
            "flowproxy-iframe",
            "icon",
            "j-tool",
            "j-tool-close",
            "window-bottom",
            "window-bottom-left",
            "window-bottom-right",
            "window-center",
            "window-left",
            "window-left-td",
            "window-right",
            "window-right-td",
            "window-title",
            "window-top",
            "window-top-left",
            "window-top-right",
            "wtitle"
          ],
          [
            "Button",
            "Button_style",
            "CalendarPanel",
            "ComboPanel",
            "Composite",
            "ImageBorderComposite",
            "Label",
            "List",
            "ListItem",
            "ListWrapper",
            "Shell",
            "Spinner",
            "Tree",
            "TreeItem-",
            "Window",
            "Window_style",
            "alert-info",
            "application-mask",
            "bg-n",
            "border-area",
            "btn-push-f-b",
            "btn-push-f-l",
            "btn-push-f-lb",
            "btn-push-f-lt",
            "btn-push-f-r",
            "btn-push-f-rb",
            "btn-push-f-rt",
            "btn-push-f-t",
            "btn-push-n-b",
            "btn-push-n-center",
            "btn-push-n-l",
            "btn-push-n-lb",
            "btn-push-n-lt",
            "btn-push-n-r",
            "btn-push-n-rb",
            "btn-push-n-rt",
            "btn-push-n-t",
            "btn-text",
            "calendar-day",
            "calendar-head",
            "calendar-head-day",
            "calendar-row",
            "calendar-weekend",
            "calendar-workday",
            "combo-border",
            "combopanel-drag-i",
            "combopanel-drag-l",
            "content",
            "data",
            "datetime-btn",
            "datetime-btn-bg",
            "disabled",
            "down",
            "draggable",
            "fill",
            "flowproxy-iframe",
            "icon",
            "img",
            "inputMask",
            "j-tool",
            "j-tool-close",
            "j-tool-minimize",
            "j-tool-restore",
            "label-separator-h",
            "node-end-line",
            "node-minus",
            "percent",
            "selected",
            "spinner-bg-n",
            "spinner-btn-base",
            "spinner-table",
            "sub",
            "text-bg",
            "text-border--b",
            "text-border--l",
            "text-border--lb",
            "text-border--lt",
            "text-border--r",
            "text-border--rb",
            "text-border--rt",
            "text-border--t",
            "text-border-center",
            "text-border-f-b",
            "text-border-f-l",
            "text-border-f-lb",
            "text-border-f-lt",
            "text-border-f-r",
            "text-border-f-rb",
            "text-border-f-rt",
            "text-border-f-t",
            "text-btn-base",
            "text-innerboder-gain",
            "text-innerboder-lost",
            "text-input",
            "text-n-b",
            "text-n-l",
            "text-n-lb",
            "text-n-lt",
            "text-n-r",
            "text-n-rb",
            "text-n-rt",
            "text-n-t",
            "text-readonly",
            "txt",
            "up",
            "window-bottom",
            "window-bottom-left",
            "window-bottom-right",
            "window-center",
            "window-left",
            "window-left-td",
            "window-mask",
            "window-right",
            "window-right-td",
            "window-title",
            "window-top",
            "window-top-left",
            "window-top-right",
            "wtitle"
          ]
        ]
      }
    },
    "page/tagTriplets": {
      "contexts": {
        "context3_qG8WuW": [
          [
            "-/-/A",
            "-/-/DIV",
            "-/-/IFRAME",
            "-/-/SCRIPT",
            "-/DIV/DIV",
            "-/DIV/IFRAME",
            "DIV/DIV/DIV",
            "DIV/DIV/TABLE",
            "DIV/TABLE/TBODY",
            "TABLE/TBODY/TR",
            "TBODY/TR/TD",
            "TD/TABLE/TBODY",
            "TR/TD/DIV",
            "TR/TD/P",
            "TR/TD/TABLE"
          ],
          [
            "-/-/A",
            "-/-/DIV",
            "-/-/IFRAME",
            "-/-/SCRIPT",
            "-/DIV/DIV",
            "-/DIV/IFRAME",
            "DIV/DIV/DIV",
            "DIV/DIV/IFRAME",
            "DIV/DIV/IMG",
            "DIV/DIV/P",
            "DIV/DIV/SPAN",
            "DIV/DIV/TABLE",
            "DIV/SPAN/DIV",
            "DIV/SPAN/SPAN",
            "DIV/TABLE/TBODY",
            "SPAN/DIV/DIV",
            "SPAN/SPAN/IMG",
            "TABLE/TBODY/TR",
            "TBODY/TR/TD",
            "TD/DIV/DIV",
            "TD/DIV/IMG",
            "TD/DIV/INPUT-text",
            "TD/TABLE/TBODY",
            "TR/TD/DIV",
            "TR/TD/INPUT-text",
            "TR/TD/P",
            "TR/TD/TABLE"
          ]
        ]
      }
    }
  }
}