{
  "version": "0.1",
  "id": "Hn_index",
  "targetURL": "https://performancemanager15.sapsf.cn/sf/start/?_s.crb=9V2TWel5HG%252bl0xbvzK9ILfnQOcg%253d#Shell-home",
  "jsFile": "index.js",
  "requires": {
    "Newleave": "../Newleave/index.json"
  },
  "chineseName": "汉能首页",
  "description": "",
  "firstPaintEnable": false,
  "controls": {
    "control1_hHLPGe": {
      "location": {
        "data": {
          "tagName": "DIV"
        },
        "userData": {
          "data": [],
          "force": false
        },
        "locators": [
          {
            "id": "@id/word",
            "prob": 1,
            "value": [
              "descendant::DIV[@id=\"sapUshellDashboardPage\"]//SECTION[@id=\"sapUshellDashboardPage-cont\"]//DIV[@id=\"dashboardGroups\"]/DIV[1]/DIV[1]/DIV[1]",
              "descendant::SECTION[@id=\"sapUshellDashboardPage-cont\"]//DIV[@id=\"dashboardGroups\"]/DIV[1]/DIV[1]/DIV[1]",
              "descendant::DIV[@id=\"dashboardGroups\"]/DIV[1]/DIV[1]/DIV[1]"
            ]
          },
          {
            "id": "@class/word",
            "prob": 1,
            "value": "DIV.sapUshellDashboardGroupsContainerItem.sapUshellDisableDragAndDrop DIV.sapUshellTileContainer DIV.sapUshellTileContainerContent.sapUshellTileContainerLocked"
          },
          {
            "id": "path/ordinal",
            "prob": 1,
            "value": "/HTML[1]/BODY[1]/DIV[4]/DIV[1]/DIV[1]/DIV[1]/SECTION[1]/DIV[1]/DIV[2]/SECTION[1]/DIV[2]/DIV[1]/DIV[1]/DIV[2]/DIV[1]/DIV[1]/DIV[1]/DIV[1]/DIV[2]/SECTION[1]/DIV[1]/DIV[1]/DIV[3]/SECTION[1]/DIV[1]/DIV[1]/DIV[1]/DIV[2]/DIV[1]/DIV[1]/DIV[1]/DIV[1]/DIV[1]/DIV[1]/DIV[1]/SECTION[1]/DIV[1]/DIV[1]/DIV[1]/DIV[1]"
          }
        ]
      },
      "events": {
        "onGetData": "getData_control1_hHLPGe"
      },
      "intendedRole": "custom",
      "roles": "element,custom",
      "ignoreVisibility": true,
      "monitored": true,
      "frameXPath": "",
      "componentType": "custom"
    },
    "control2_1iRt1x": {
      "location": {
        "data": {
          "tagName": "BDI"
        },
        "userData": {
          "data": [],
          "force": false
        },
        "locators": [
          {
            "id": "@id/word",
            "prob": 2,
            "value": [
              "descendant::BUTTON[@id=\"customHeaderModulePickerBtn\"]//SPAN[@id=\"customHeaderModulePickerBtn-inner\"]//SPAN[@id=\"customHeaderModulePickerBtn-content\"]/BDI[1]",
              "descendant::BUTTON[@id=\"customHeaderModulePickerBtn\"]//SPAN[@id=\"customHeaderModulePickerBtn-inner\"]//SPAN[@id=\"customHeaderModulePickerBtn-content\"]//BDI",
              "descendant::SPAN[@id=\"customHeaderModulePickerBtn-inner\"]//SPAN[@id=\"customHeaderModulePickerBtn-content\"]//BDI",
              "descendant::SPAN[@id=\"customHeaderModulePickerBtn-content\"]//BDI"
            ]
          },
          {
            "id": "@class/word",
            "prob": 1,
            "value": "BUTTON.bizXDisableMobile.bizXShellDropMenuButton.sapMBarChild.sapMBtn.sapMBtnBase SPAN.sapMBtnDefault.sapMBtnHoverable.sapMBtnIconLast.sapMBtnInner.sapMBtnText.sapMFocusable SPAN.sapMBtnContent BDI"
          },
          {
            "id": "path/ordinal",
            "prob": 1,
            "value": "/HTML[1]/BODY[1]/DIV[4]/DIV[1]/DIV[1]/DIV[1]/SECTION[1]/DIV[1]/DIV[2]/SECTION[1]/DIV[2]/DIV[1]/DIV[1]/DIV[1]/DIV[1]/DIV[1]/BUTTON[3]/SPAN[1]/SPAN[2]/BDI[1]"
          },
          {
            "id": "style/color",
            "value": [
              202,
              228,
              251
            ]
          },
          {
            "id": "elderLevel",
            "value": {
              "level": 0
            }
          }
        ]
      },
      "events": {
        "onGetData": "getData_control2_1iRt1x"
      },
      "intendedRole": "custom",
      "roles": "element,custom",
      "monitored": false,
      "frameXPath": "",
      "componentType": "custom"
    },
    "control3_mRinee": {
      "location": {
        "data": {
          "tagName": "DIV"
        },
        "userData": {
          "data": [],
          "force": false
        },
        "locators": [
          {
            "id": "@id/word",
            "prob": 1,
            "value": [
              "descendant::DIV[@id=\"sapUshellDashboardPage\"]//SECTION[@id=\"sapUshellDashboardPage-cont\"]//DIV[@id=\"dashboardGroups\"]/DIV[6]/DIV[1]/DIV[1]",
              "descendant::SECTION[@id=\"sapUshellDashboardPage-cont\"]//DIV[@id=\"dashboardGroups\"]/DIV[6]/DIV[1]/DIV[1]",
              "descendant::DIV[@id=\"dashboardGroups\"]/DIV[6]/DIV[1]/DIV[1]"
            ]
          },
          {
            "id": "@class/word",
            "prob": 1,
            "ordinal": [
              5,
              7
            ],
            "value": "DIV.sapUshellDashboardGroupsContainerItem DIV.sapUshellTileContainer DIV.sapUshellTileContainerContent"
          },
          {
            "id": "path/ordinal",
            "prob": 1,
            "value": "/HTML[1]/BODY[1]/DIV[4]/DIV[1]/DIV[1]/DIV[1]/SECTION[1]/DIV[1]/DIV[2]/SECTION[1]/DIV[2]/DIV[1]/DIV[1]/DIV[2]/DIV[1]/DIV[1]/DIV[1]/DIV[1]/DIV[2]/SECTION[1]/DIV[1]/DIV[1]/DIV[3]/SECTION[1]/DIV[1]/DIV[1]/DIV[1]/DIV[2]/DIV[1]/DIV[1]/DIV[1]/DIV[1]/DIV[1]/DIV[1]/DIV[1]/SECTION[1]/DIV[1]/DIV[6]/DIV[1]/DIV[1]"
          }
        ]
      },
      "events": {
        "onGetData": "getData_control3_mRinee"
      },
      "intendedRole": "custom",
      "roles": "element,custom",
      "ignoreVisibility": true,
      "monitored": true,
      "frameXPath": "",
      "componentType": "custom"
    }
  },
  "contexts": {
    "context1_0Asxv7": {
      "controls": [
        "control1_hHLPGe",
        "control2_1iRt1x",
        "control3_mRinee"
      ],
      "anchors": [],
      "urlAnchor": []
    },
    "context2_sCWkNW": {
      "controls": [],
      "anchors": [],
      "urlAnchor": []
    },
    "context3_S2PO3G": {
      "controls": [],
      "anchors": [],
      "urlAnchor": []
    }
  },
  "flows": {
    "flow2_cEWFeI": {
      "fromContextId": "context1_0Asxv7",
      "fromAction": "doAction",
      "fromControlId": "control1_hHLPGe",
      "toContexts": []
    },
    "flow3_9c4Okd": {
      "fromContextId": "context1_0Asxv7",
      "fromAction": "doAction",
      "fromControlId": "control3_mRinee",
      "toContexts": [
        {
          "toContextId": "context1_0Asxv7"
        },
        {
          "toContextId": "context4_TE0fZ3",
          "toModelId": "Newleave"
        }
      ]
    }
  },
  "pages": {
    "page1_ZMXXDD": {
      "contextId": "context1_0Asxv7",
      "layout": [
        {
          "id": "uiControl2_eeRIg4",
          "controlId": "control2_1iRt1x",
          "display": {
            "adapterId": "custom",
            "type": "custom",
            "adapter": {
              "templateType": "react",
              "events": {
                "onDoAction": "doAction_uiControl2_eeRIg4",
                "onGetTemplate": "getTemplate_uiControl2_eeRIg4"
              }
            }
          }
        },
        {
          "id": "uiControl1_qAbHkI",
          "controlId": "control1_hHLPGe",
          "display": {
            "adapterId": "custom",
            "type": "custom",
            "adapter": {
              "templateType": "react",
              "events": {
                "onDoAction": "doAction_uiControl1_qAbHkI",
                "onGetTemplate": "getTemplate_uiControl1_qAbHkI"
              }
            }
          }
        },
        {
          "id": "uiControl3_oAVRiT",
          "controlId": "control3_mRinee",
          "display": {
            "adapterId": "custom",
            "type": "custom",
            "adapter": {
              "templateType": "react",
              "events": {
                "onDoAction": "doAction_uiControl3_oAVRiT",
                "onGetTemplate": "getTemplate_uiControl3_oAVRiT"
              }
            }
          }
        }
      ]
    },
    "page2_GhWR8H": {
      "contextId": "context2_sCWkNW",
      "layout": []
    },
    "page3_ZsFc3R": {
      "contextId": "context3_S2PO3G",
      "layout": []
    }
  },
  "matchers": {
    "page/title": {
      "contexts": {
        "context1_0Asxv7": [
          "主页"
        ]
      }
    },
    "page/urls": {
      "contexts": {
        "context1_0Asxv7": [
          "performancemanager15.sapsf.cn/sf/start/?_s.crb=9V2TWel5HG%252bl0xbvzK9ILfnQOcg%253d",
          "performancemanager15.sapsf.cn/sf/home?_s.crb=9V2TWel5HG%252bl0xbvzK9ILfnQOcg%253d",
          "performancemanager15.sapsf.cn/sf/start/",
          "performancemanager15.sapsf.cn/sf/home?bplte_company=hanergyholD&_s.crb=9V2TWel5HG%2bl0xbvzK9ILfnQOcg%3d"
        ]
      }
    },
    "page/ids": {
      "contexts": {
        "context1_0Asxv7": [
          [
            "/ui/absence/js/ajaxservice/tlmHomePageVControllerASProxy_deeaacbaedafcddd.js",
            "/ui/homepage/js/ajaxservice/homepageCustomTileControllerASProxy_cddabaea.js",
            "/ui/homepage/js/ajaxservice/hpReportTileControllerASProxy_aafefcffbeccfabebb.js",
            "/ui/homepage/js/framework/EmploymentSelector_bfccceecbbd.js",
            "/ui/homepage/js/framework/TileFactory_aeeebbbcbf.js",
            "/ui/hris/js/ajaxservice/adminAlertsControllerASProxy_dbfbcaeefca.js",
            "/ui/juic/js/Util_efdfefaeea.js",
            "/ui/juic/js/core/component_cabcdcabaed.js",
            "/ui/onboarding/js/ajaxservice/onboardingPeopleControllerASProxy_edfbdaffdadcc.js",
            "/ui/onboarding/js/ajaxservice/onboardingProcessControllerASProxy_adcbdbdcacacc.js",
            "/ui/sfgrp/js/SURJUtil_eedafaccecfeb.js",
            "/ui/surj/js/core/surj-ui-config_bcabcebd.js",
            "/ui/talentreview/js/ajaxservice/dossierControllerASProxy_dcfbbafdcc.js",
            "__app",
            "__app-BG",
            "__button",
            "__button-img",
            "__button-inner",
            "__container",
            "__container-dashboardGroups-id--",
            "__container-dashboardGroups-id---title",
            "__container-dashboardGroups-id---titleText",
            "__container-uiarea",
            "__html",
            "__html-busyIndicator",
            "__icon",
            "__image",
            "__item-anchorNavigationBar-id--",
            "__jsview",
            "__marker",
            "__photo",
            "__photo-inner",
            "__text",
            "__tile",
            "__tile-__container-dashboardGroups-id---id--",
            "__wrapper",
            "__xbutton",
            "__xbutton-img",
            "__xbutton-inner",
            "__xfooter",
            "aboutBox",
            "actionsBtn",
            "actionsBtn-img",
            "actionsBtn-name",
            "anchorNavigationBar",
            "application-Shell-home",
            "application-Shell-home-content",
            "application-Shell-home-content-uiarea",
            "bizXHeaderCompanyLogo",
            "bizXPage",
            "bizXPage-cont",
            "bizXSearchField",
            "bizXSearchField-F",
            "bizXSearchField-I",
            "bizXSearchField-ayAnnouncement",
            "bizXSearchField-reset",
            "bizXShell",
            "bizXShell-content",
            "bizXShellCustomHeader",
            "bizXShellCustomHeader-BarLeft",
            "bizXShellCustomHeader-BarMiddle",
            "bizXShellCustomHeader-BarPH",
            "bizXShellCustomHeader-BarRight",
            "centerViewPort",
            "centerViewPort-wrapper",
            "changePwdDiv",
            "content",
            "copyright",
            "current-user-notification-count",
            "current-user-notification-count-img",
            "current-user-notification-count-inner",
            "customHeaderModulePickerBtn",
            "customHeaderModulePickerBtn-content",
            "customHeaderModulePickerBtn-img",
            "customHeaderModulePickerBtn-inner",
            "dashboardGroups",
            "fiori-loader",
            "globalHeaderFullWidthBackground",
            "globalTodos",
            "globalTodos-img",
            "globalTodos-inner",
            "j_id",
            "jsonData-company",
            "jsonData-containerCSS",
            "jsonData-currentSessionThemeId",
            "jsonData-footer",
            "jsonData-placematCSS",
            "jsonData-release",
            "jsonData-server",
            "jsonData-timestamp",
            "jsonData-versioninfo",
            "leftViewPort",
            "loadingDialog",
            "loadingDialogloadingLabel",
            "loadingDialogloadingLabel-bdi",
            "mainShell",
            "navContainerFlp",
            "rightViewPort",
            "sap-ui-blocklayer-popup",
            "sap-ui-bootstrap",
            "sap-ui-invisible-__button",
            "sap-ui-invisible-__xbutton",
            "sap-ui-invisible-bizXSuggestButton",
            "sap-ui-invisible-surjSubTabBar",
            "sap-ui-preserve",
            "sap-ui-static",
            "sapUshellDashboardAccessibilityTileText",
            "sapUshellDashboardPage",
            "sapUshellDashboardPage-cont",
            "serverinfo",
            "sf",
            "sfLoadBlockerLayer",
            "shell",
            "shell-brand",
            "shell-cntnt",
            "shell-floatingActions",
            "shell-hdr",
            "shell-hdrcntnt",
            "shell-header",
            "shell-header-hdr-begin",
            "shell-header-hdr-center",
            "shell-header-hdr-end",
            "shell-header-hdr-search",
            "shell-header-hdr-title",
            "shell-header-icon",
            "shell-main-focusDummyOut",
            "shell-split",
            "shell-split-canvas",
            "shell-split-canvascntnt",
            "shell-split-canvasrootContent",
            "shell-split-pane",
            "shell-split-panecntnt",
            "shell-strgbg",
            "shellContainer",
            "shellPage",
            "shellPage-cont",
            "showMeButton",
            "showMeButton-img",
            "showMeButton-inner",
            "version_info_link",
            "viewPortContainer"
          ],
          [
            "/ui/absence/js/ajaxservice/tlmHomePageVControllerASProxy_deeaacbaedafcddd.js",
            "/ui/homepage/js/ajaxservice/homepageCustomTileControllerASProxy_cddabaea.js",
            "/ui/homepage/js/ajaxservice/hpReportTileControllerASProxy_aafefcffbeccfabebb.js",
            "/ui/homepage/js/framework/EmploymentSelector_bfccceecbbd.js",
            "/ui/homepage/js/framework/TileFactory_aeeebbbcbf.js",
            "/ui/hris/js/ajaxservice/adminAlertsControllerASProxy_dbfbcaeefca.js",
            "/ui/juic/js/Util_efdfefaeea.js",
            "/ui/juic/js/core/component_cabcdcabaed.js",
            "/ui/onboarding/js/ajaxservice/onboardingPeopleControllerASProxy_edfbdaffdadcc.js",
            "/ui/onboarding/js/ajaxservice/onboardingProcessControllerASProxy_adcbdbdcacacc.js",
            "/ui/sfgrp/js/SURJUtil_eedafaccecfeb.js",
            "/ui/surj/js/core/surj-ui-config_bcabcebd.js",
            "/ui/talentreview/js/ajaxservice/dossierControllerASProxy_dcfbbafdcc.js",
            "__app",
            "__app-BG",
            "__button",
            "__button-img",
            "__button-inner",
            "__container",
            "__container-dashboardGroups-id--",
            "__container-dashboardGroups-id---title",
            "__container-dashboardGroups-id---titleText",
            "__container-uiarea",
            "__html",
            "__html-busyIndicator",
            "__icon",
            "__image",
            "__item-anchorNavigationBar-id--",
            "__jsview",
            "__marker",
            "__photo",
            "__photo-inner",
            "__text",
            "__tile",
            "__tile-__container-dashboardGroups-id---id--",
            "__wrapper",
            "__xbutton",
            "__xbutton-img",
            "__xbutton-inner",
            "__xfooter",
            "aboutBox",
            "actionsBtn",
            "actionsBtn-img",
            "actionsBtn-name",
            "anchorNavigationBar",
            "application-Shell-home",
            "application-Shell-home-content",
            "application-Shell-home-content-uiarea",
            "bizXHeaderCompanyLogo",
            "bizXPage",
            "bizXPage-cont",
            "bizXSearchField",
            "bizXSearchField-F",
            "bizXSearchField-I",
            "bizXSearchField-ayAnnouncement",
            "bizXSearchField-reset",
            "bizXShell",
            "bizXShell-content",
            "bizXShellCustomHeader",
            "bizXShellCustomHeader-BarLeft",
            "bizXShellCustomHeader-BarMiddle",
            "bizXShellCustomHeader-BarPH",
            "bizXShellCustomHeader-BarRight",
            "centerViewPort",
            "centerViewPort-wrapper",
            "changePwdDiv",
            "content",
            "copyright",
            "current-user-notification-count",
            "current-user-notification-count-img",
            "current-user-notification-count-inner",
            "customHeaderModulePickerBtn",
            "customHeaderModulePickerBtn-content",
            "customHeaderModulePickerBtn-img",
            "customHeaderModulePickerBtn-inner",
            "dashboardGroups",
            "fiori-loader",
            "globalHeaderFullWidthBackground",
            "globalTodos",
            "globalTodos-img",
            "globalTodos-inner",
            "j_id",
            "jsonData-company",
            "jsonData-containerCSS",
            "jsonData-currentSessionThemeId",
            "jsonData-footer",
            "jsonData-placematCSS",
            "jsonData-release",
            "jsonData-server",
            "jsonData-timestamp",
            "jsonData-versioninfo",
            "leftViewPort",
            "loadingDialog",
            "loadingDialogloadingLabel",
            "loadingDialogloadingLabel-bdi",
            "mainShell",
            "navContainerFlp",
            "rightViewPort",
            "sap-ui-blocklayer-popup",
            "sap-ui-bootstrap",
            "sap-ui-invisible-__button",
            "sap-ui-invisible-__xbutton",
            "sap-ui-invisible-bizXSuggestButton",
            "sap-ui-invisible-surjSubTabBar",
            "sap-ui-preserve",
            "sap-ui-static",
            "sapUshellDashboardAccessibilityTileText",
            "sapUshellDashboardPage",
            "sapUshellDashboardPage-cont",
            "serverinfo",
            "sf",
            "sfLoadBlockerLayer",
            "shell",
            "shell-brand",
            "shell-cntnt",
            "shell-floatingActions",
            "shell-hdr",
            "shell-hdrcntnt",
            "shell-header",
            "shell-header-hdr-begin",
            "shell-header-hdr-center",
            "shell-header-hdr-end",
            "shell-header-hdr-search",
            "shell-header-hdr-title",
            "shell-header-icon",
            "shell-main-focusDummyOut",
            "shell-split",
            "shell-split-canvas",
            "shell-split-canvascntnt",
            "shell-split-canvasrootContent",
            "shell-split-pane",
            "shell-split-panecntnt",
            "shell-strgbg",
            "shellContainer",
            "shellPage",
            "shellPage-cont",
            "version_info_link",
            "viewPortContainer"
          ]
        ]
      }
    },
    "page/classes": {
      "contexts": {
        "context1_0Asxv7": [
          [
            "bizXContent",
            "bizXDesktopOnly",
            "bizXDisableMobile",
            "bizXFullHeight",
            "bizXMobileOnly",
            "bizXPage",
            "bizXSF",
            "bizXSFB",
            "bizXSFSI",
            "bizXSFTT",
            "bizXShell",
            "bizXShellDropMenuButton",
            "centerClass",
            "company-logo",
            "copyright",
            "fiori-blossom",
            "fiori-leaf",
            "fiori-leafContainer",
            "globalCopyright",
            "globalFooter",
            "globalHeader",
            "globalHeaderBar",
            "globalHeaderContainerWidthBackground",
            "globalHeaderFullWidthBackground",
            "globalHeaderHeight",
            "globalHeaderText",
            "globalLPTile",
            "globalLPTileBody",
            "globalLPTileBodyText",
            "globalLPTileContent",
            "globalLighting",
            "globalLogo",
            "globalLogoImage",
            "globalNavigationContainer",
            "globalPlacemat",
            "globalPlacematText",
            "globalUploadedLogoImage",
            "hidden",
            "hiddenAriaContent",
            "homepage",
            "homepage-shell",
            "hpTileWrapper",
            "link",
            "loadingIcon",
            "noPlacematPadding",
            "sapContrastPlus",
            "sapMApp",
            "sapMAppBG",
            "sapMBar",
            "sapMBar-CTX",
            "sapMBarChild",
            "sapMBarContainer",
            "sapMBarLeft",
            "sapMBarMiddle",
            "sapMBarPH",
            "sapMBarRight",
            "sapMBtn",
            "sapMBtnBase",
            "sapMBtnContent",
            "sapMBtnCustomIcon",
            "sapMBtnDefault",
            "sapMBtnHoverable",
            "sapMBtnIcon",
            "sapMBtnIconFirst",
            "sapMBtnIconLast",
            "sapMBtnIconLeft",
            "sapMBtnIconRight",
            "sapMBtnInner",
            "sapMBtnText",
            "sapMFocusable",
            "sapMHeader-CTX",
            "sapMIBar",
            "sapMIBar-CTX",
            "sapMImg",
            "sapMImgFocusable",
            "sapMLabel",
            "sapMLabelMaxWidth",
            "sapMNav",
            "sapMNavItem",
            "sapMPage",
            "sapMPageBgStandard",
            "sapMPageBusyCoversAll",
            "sapMPageEnableScrolling",
            "sapMPageHeader",
            "sapMPageWithHeader",
            "sapMSF",
            "sapMSFB",
            "sapMSFF",
            "sapMSFI",
            "sapMSFNS",
            "sapMSFR",
            "sapMShell",
            "sapMShellCentralBox",
            "sapMShellContent",
            "sapMText",
            "sapMTextBreakWord",
            "sapMTextMaxWidth",
            "sapUShellApplicationContainer",
            "sapUiBLy",
            "sapUiComponentContainer",
            "sapUiForcedHidden",
            "sapUiGlobalBackgroundColor",
            "sapUiGlobalBackgroundColorForce",
            "sapUiGlobalBackgroundImage",
            "sapUiGlobalBackgroundImageForce",
            "sapUiHidden",
            "sapUiHiddenPlaceholder",
            "sapUiIcon",
            "sapUiIconMirrorInRTL",
            "sapUiInvisibleText",
            "sapUiJSView",
            "sapUiLocalBusy",
            "sapUiLocalBusyIndicator",
            "sapUiLocalBusyIndicatorAnimStandard",
            "sapUiLocalBusyIndicatorAnimation",
            "sapUiLocalBusyIndicatorFade",
            "sapUiLocalBusyIndicatorSizeMedium",
            "sapUiSelectable",
            "sapUiView",
            "sapUiViewDisplayBlock",
            "sapUshellAnchorItem",
            "sapUshellAnchorItemInner",
            "sapUshellAnchorItemOverFlow",
            "sapUshellAnchorLeftOverFlowButton",
            "sapUshellAnchorNavigationBar",
            "sapUshellAnchorNavigationBarInner",
            "sapUshellAnchorNavigationBarItems",
            "sapUshellAnchorNavigationBarItemsScroll",
            "sapUshellAnchorRightOverFlowButton",
            "sapUshellContainerHeaderActions",
            "sapUshellContainerIcon",
            "sapUshellContainerIconHidden",
            "sapUshellContainerTitle",
            "sapUshellDashboardGroupsContainer",
            "sapUshellDashboardGroupsContainerItem",
            "sapUshellDashboardView",
            "sapUshellDisableDragAndDrop",
            "sapUshellDynamicTile",
            "sapUshellDynamicTileData",
            "sapUshellDynamicTileDataNeutral",
            "sapUshellDynamicTileDataNone",
            "sapUshellDynamicTileIndication",
            "sapUshellDynamicTileNumber",
            "sapUshellDynamicTileNumberFactor",
            "sapUshellDynamicTileStateArrow",
            "sapUshellHidden",
            "sapUshellInner",
            "sapUshellLoadingDialog",
            "sapUshellLoadingDialogAppData",
            "sapUshellLoadingDialogControl",
            "sapUshellLoadingDialogLabel",
            "sapUshellLong",
            "sapUshellShell",
            "sapUshellShellAnim",
            "sapUshellShellBG",
            "sapUshellShellBrand",
            "sapUshellShellCanvas",
            "sapUshellShellCntnt",
            "sapUshellShellFloatingActions",
            "sapUshellShellHead",
            "sapUshellShellHeadAction",
            "sapUshellShellHeadActionExp",
            "sapUshellShellHeadActionImg",
            "sapUshellShellHeadActionName",
            "sapUshellShellHeadBegin",
            "sapUshellShellHeadCenter",
            "sapUshellShellHeadContainer",
            "sapUshellShellHeadEnd",
            "sapUshellShellHeadItm",
            "sapUshellShellHeadItmMarker",
            "sapUshellShellHeadSeparator",
            "sapUshellShellHeadTitle",
            "sapUshellShellHeadVisible",
            "sapUshellShellHeader",
            "sapUshellShellHidden",
            "sapUshellShellIco",
            "sapUshellShellSearch",
            "sapUshellSplitContSecondClosed",
            "sapUshellSpltCont",
            "sapUshellSpltContAnim",
            "sapUshellSpltContCanvas",
            "sapUshellSpltContCntnt",
            "sapUshellSpltContH",
            "sapUshellSpltContPane",
            "sapUshellSpltContPaneHidden",
            "sapUshellSpltContainerContentWrapper",
            "sapUshellTile",
            "sapUshellTileActionLayerDiv",
            "sapUshellTileBase",
            "sapUshellTileBaseHeader",
            "sapUshellTileBaseIcon",
            "sapUshellTileBaseInfo",
            "sapUshellTileBaseNeutral",
            "sapUshellTileBaseSubtitle",
            "sapUshellTileBaseTitle",
            "sapUshellTileContainer",
            "sapUshellTileContainerContent",
            "sapUshellTileContainerDefault",
            "sapUshellTileContainerHeader",
            "sapUshellTileContainerLocked",
            "sapUshellTileFooterElement",
            "sapUshellTileInner",
            "sapUshellTileStateLoading",
            "sapUshellTilesContainer-sortable",
            "sapUshellViewPortCenter",
            "sapUshellViewPortItemSildeFrom",
            "sapUshellViewPortLeft",
            "sapUshellViewPortRight",
            "sapUshellViewPortWrapper",
            "sapsfHpDT",
            "sapsfHpDThasSubinfo",
            "sapsfHpRightIcon",
            "sapsfHpSubinfo",
            "sapsfHpUPT",
            "sapsfHpUPTDisplay",
            "sapsfHpUPTDisplayTitle",
            "sapsfHpUPTPart",
            "sfFocusMarker",
            "sfRevolutionTopNavigationMobile",
            "showMeBtn",
            "surjContainer",
            "surjNotificationBtn",
            "surjNotificationWrapper",
            "surjShellview",
            "surjTodoButton",
            "surjTopNav",
            "surjTopNavHeaderBar",
            "surjTopNavHomeButton",
            "surjTopNavTitle",
            "surjUserPhoto",
            "surjUserPhotoCircle",
            "surjUserPhotoImg",
            "surjUserPhotoInner",
            "surjUserPhotoName",
            "surjUserPhotoName-EAST",
            "surjUserPhotoWrapper",
            "surjUtilityLinksMenu"
          ],
          [
            "bizXContent",
            "bizXDesktopOnly",
            "bizXDisableMobile",
            "bizXFullHeight",
            "bizXMobileOnly",
            "bizXPage",
            "bizXSF",
            "bizXSFB",
            "bizXSFSI",
            "bizXSFTT",
            "bizXShell",
            "bizXShellDropMenuButton",
            "centerClass",
            "company-logo",
            "copyright",
            "fiori-blossom",
            "fiori-leaf",
            "fiori-leafContainer",
            "globalCopyright",
            "globalFloatRight",
            "globalFooter",
            "globalHeader",
            "globalHeaderAlertBadge",
            "globalHeaderBar",
            "globalHeaderContainerWidthBackground",
            "globalHeaderFullWidthBackground",
            "globalHeaderHeight",
            "globalHeaderText",
            "globalLPTile",
            "globalLPTileBody",
            "globalLPTileBodyText",
            "globalLPTileContent",
            "globalLPTileNegativeText",
            "globalLighting",
            "globalLogo",
            "globalLogoImage",
            "globalNavigationContainer",
            "globalPlacemat",
            "globalPlacematText",
            "globalUploadedLogoImage",
            "hidden",
            "hiddenAriaContent",
            "homepage",
            "homepage-shell",
            "hpTileWrapper",
            "link",
            "loadingIcon",
            "noPlacematPadding",
            "sapContrastPlus",
            "sapMApp",
            "sapMAppBG",
            "sapMBar",
            "sapMBar-CTX",
            "sapMBarChild",
            "sapMBarContainer",
            "sapMBarLeft",
            "sapMBarMiddle",
            "sapMBarPH",
            "sapMBarRight",
            "sapMBtn",
            "sapMBtnBase",
            "sapMBtnContent",
            "sapMBtnCustomIcon",
            "sapMBtnDefault",
            "sapMBtnHoverable",
            "sapMBtnIcon",
            "sapMBtnIconFirst",
            "sapMBtnIconLast",
            "sapMBtnIconLeft",
            "sapMBtnIconRight",
            "sapMBtnInner",
            "sapMBtnText",
            "sapMFocusable",
            "sapMHeader-CTX",
            "sapMIBar",
            "sapMIBar-CTX",
            "sapMImg",
            "sapMImgFocusable",
            "sapMLabel",
            "sapMLabelMaxWidth",
            "sapMNav",
            "sapMNavItem",
            "sapMPage",
            "sapMPageBgStandard",
            "sapMPageBusyCoversAll",
            "sapMPageEnableScrolling",
            "sapMPageHeader",
            "sapMPageWithHeader",
            "sapMPointer",
            "sapMSF",
            "sapMSFB",
            "sapMSFF",
            "sapMSFI",
            "sapMSFNS",
            "sapMSFR",
            "sapMShell",
            "sapMShellCentralBox",
            "sapMShellContent",
            "sapMText",
            "sapMTextBreakWord",
            "sapMTextMaxWidth",
            "sapUShellApplicationContainer",
            "sapUiBLy",
            "sapUiComponentContainer",
            "sapUiForcedHidden",
            "sapUiGlobalBackgroundColor",
            "sapUiGlobalBackgroundColorForce",
            "sapUiGlobalBackgroundImage",
            "sapUiGlobalBackgroundImageForce",
            "sapUiHidden",
            "sapUiHiddenPlaceholder",
            "sapUiIcon",
            "sapUiIconMirrorInRTL",
            "sapUiInvisibleText",
            "sapUiJSView",
            "sapUiLocalBusy",
            "sapUiLocalBusyIndicator",
            "sapUiLocalBusyIndicatorAnimStandard",
            "sapUiLocalBusyIndicatorAnimation",
            "sapUiLocalBusyIndicatorFade",
            "sapUiLocalBusyIndicatorSizeMedium",
            "sapUiSelectable",
            "sapUiView",
            "sapUiViewDisplayBlock",
            "sapUshellAnchorItem",
            "sapUshellAnchorItemInner",
            "sapUshellAnchorItemOverFlow",
            "sapUshellAnchorItemSelected",
            "sapUshellAnchorLeftOverFlowButton",
            "sapUshellAnchorNavigationBar",
            "sapUshellAnchorNavigationBarInner",
            "sapUshellAnchorNavigationBarItems",
            "sapUshellAnchorNavigationBarItemsScroll",
            "sapUshellAnchorRightOverFlowButton",
            "sapUshellContainerHeaderActions",
            "sapUshellContainerIcon",
            "sapUshellContainerIconHidden",
            "sapUshellContainerTitle",
            "sapUshellDashboardGroupsContainer",
            "sapUshellDashboardGroupsContainerItem",
            "sapUshellDashboardView",
            "sapUshellDisableDragAndDrop",
            "sapUshellDynamicTile",
            "sapUshellDynamicTileData",
            "sapUshellDynamicTileDataNegative",
            "sapUshellDynamicTileDataNeutral",
            "sapUshellDynamicTileDataNone",
            "sapUshellDynamicTileIndication",
            "sapUshellDynamicTileNumber",
            "sapUshellDynamicTileNumberFactor",
            "sapUshellDynamicTileStateArrow",
            "sapUshellHidden",
            "sapUshellInner",
            "sapUshellLoadingDialog",
            "sapUshellLoadingDialogAppData",
            "sapUshellLoadingDialogControl",
            "sapUshellLoadingDialogLabel",
            "sapUshellLockedTile",
            "sapUshellLong",
            "sapUshellShell",
            "sapUshellShellAnim",
            "sapUshellShellBG",
            "sapUshellShellBrand",
            "sapUshellShellCanvas",
            "sapUshellShellCntnt",
            "sapUshellShellFloatingActions",
            "sapUshellShellHead",
            "sapUshellShellHeadAction",
            "sapUshellShellHeadActionExp",
            "sapUshellShellHeadActionImg",
            "sapUshellShellHeadActionName",
            "sapUshellShellHeadBegin",
            "sapUshellShellHeadCenter",
            "sapUshellShellHeadContainer",
            "sapUshellShellHeadEnd",
            "sapUshellShellHeadItm",
            "sapUshellShellHeadItmMarker",
            "sapUshellShellHeadSeparator",
            "sapUshellShellHeadTitle",
            "sapUshellShellHeadVisible",
            "sapUshellShellHeader",
            "sapUshellShellHidden",
            "sapUshellShellIco",
            "sapUshellShellSearch",
            "sapUshellSplitContSecondClosed",
            "sapUshellSpltCont",
            "sapUshellSpltContAnim",
            "sapUshellSpltContCanvas",
            "sapUshellSpltContCntnt",
            "sapUshellSpltContH",
            "sapUshellSpltContPane",
            "sapUshellSpltContPaneHidden",
            "sapUshellSpltContainerContentWrapper",
            "sapUshellTile",
            "sapUshellTileActionLayerDiv",
            "sapUshellTileBase",
            "sapUshellTileBaseHeader",
            "sapUshellTileBaseIcon",
            "sapUshellTileBaseInfo",
            "sapUshellTileBaseNeutral",
            "sapUshellTileBaseSubtitle",
            "sapUshellTileBaseTitle",
            "sapUshellTileContainer",
            "sapUshellTileContainerContent",
            "sapUshellTileContainerDefault",
            "sapUshellTileContainerHeader",
            "sapUshellTileContainerLocked",
            "sapUshellTileFooterElement",
            "sapUshellTileInner",
            "sapUshellTileStateLoading",
            "sapUshellTilesContainer-sortable",
            "sapUshellViewPortCenter",
            "sapUshellViewPortItemSildeFrom",
            "sapUshellViewPortLeft",
            "sapUshellViewPortRight",
            "sapUshellViewPortWrapper",
            "sapsfHpDT",
            "sapsfHpDThasSubinfo",
            "sapsfHpNumberValue",
            "sapsfHpPT",
            "sapsfHpPTPart",
            "sapsfHpPTUserContainer",
            "sapsfHpPTUserPhoto",
            "sapsfHpPTUserPhotoWithIssue",
            "sapsfHpRightIcon",
            "sapsfHpStateNegative",
            "sapsfHpSubinfo",
            "sapsfHpUPT",
            "sapsfHpUPTDisplay",
            "sapsfHpUPTDisplayTitle",
            "sapsfHpUPTPart",
            "sfFocusMarker",
            "sfRevolutionTopNavigationMobile",
            "surjContainer",
            "surjNotificationBtn",
            "surjNotificationText",
            "surjNotificationWrapper",
            "surjShellview",
            "surjTodoButton",
            "surjTopNav",
            "surjTopNavHeaderBar",
            "surjTopNavHomeButton",
            "surjTopNavTitle",
            "surjUserPhoto",
            "surjUserPhotoCircle",
            "surjUserPhotoHighlight",
            "surjUserPhotoImg",
            "surjUserPhotoInner",
            "surjUserPhotoName",
            "surjUserPhotoName-EAST",
            "surjUserPhotoWrapper",
            "surjUtilityLinksMenu"
          ]
        ]
      }
    },
    "page/tagTriplets": {
      "contexts": {
        "context1_0Asxv7": [
          [
            "-/-/DIV",
            "-/-/SCRIPT",
            "-/-/SPAN",
            "-/DIV/BR",
            "-/DIV/DIV",
            "-/DIV/H3",
            "-/DIV/IMG",
            "-/DIV/SMALL",
            "-/DIV/SPAN",
            "-/DIV/STRONG",
            "A/DIV/DIV",
            "BUTTON/DIV/DIV",
            "BUTTON/DIV/SPAN",
            "BUTTON/SPAN/SPAN",
            "DIV/A/DIV",
            "DIV/A/SPAN",
            "DIV/ASIDE/DIV",
            "DIV/BUTTON/DIV",
            "DIV/BUTTON/IMG",
            "DIV/BUTTON/SPAN",
            "DIV/DIV/A",
            "DIV/DIV/ASIDE",
            "DIV/DIV/BR",
            "DIV/DIV/BUTTON",
            "DIV/DIV/DIV",
            "DIV/DIV/FORM",
            "DIV/DIV/H2",
            "DIV/DIV/H3",
            "DIV/DIV/H4",
            "DIV/DIV/HEADER",
            "DIV/DIV/IMG",
            "DIV/DIV/SECTION",
            "DIV/DIV/SPAN",
            "DIV/DIV/UL",
            "DIV/FORM/DIV",
            "DIV/FORM/INPUT-search",
            "DIV/FORM/SPAN",
            "DIV/HEADER/DIV",
            "DIV/SECTION/DIV",
            "DIV/SMALL/A",
            "DIV/SPAN/BDI",
            "DIV/UL/LI",
            "HEADER/DIV/DIV",
            "LI/DIV/DIV",
            "SECTION/DIV/ASIDE",
            "SECTION/DIV/DIV",
            "SECTION/DIV/HEADER",
            "SECTION/DIV/HR",
            "SECTION/DIV/SPAN",
            "SPAN/SPAN/BDI",
            "UL/LI/DIV",
            "UL/LI/FOOTER"
          ]
        ]
      }
    }
  }
}