{
  "version": "0.1",
  "id": "xcjcfa_new",
  "targetURL": "http://218.95.181.41:8081/ajjwork/index.jsp?nId=2&index=3&mhType=1",
  "jsFile": "index.js",
  "requires": {
    "bjcdwxz": "../bjcdwxz/index.json"
  },
  "chineseName": "新建现场检查方案",
  "description": "",
  "controls": {
    "control40_ixMwtX": {
      "location": {
        "data": {
          "tagName": "SPAN"
        },
        "userData": {
          "data": [],
          "force": false
        },
        "locators": [
          {
            "id": "text",
            "prob": 3,
            "ordinal": [
              2,
              3
            ],
            "value": {
              "text": [
                "现场检查方案"
              ],
              "visText": [
                "现场检查方案"
              ]
            }
          },
          {
            "id": "@class/word",
            "prob": 1,
            "value": "SPAN.font_size"
          },
          {
            "id": "path/ordinal",
            "prob": 1,
            "value": "/HTML[1]/BODY[1]/FORM[1]/TABLE[1]/TBODY[1]/TR[2]/TD[1]/SPAN[1]"
          },
          {
            "id": "elderLevel",
            "value": {
              "level": 0
            }
          }
        ]
      },
      "roles": "element",
      "content": true,
      "monitored": false,
      "frameXPath": "//frame[@id='mainFrame']<<IFRAME>>//frame[@name='iframeid'][@id='iframeid']<<IFRAME>>",
      "componentType": "content"
    },
    "control41_lokJB8": {
      "location": {
        "data": {
          "tagName": "SPAN"
        },
        "userData": {
          "data": [],
          "force": false
        },
        "locators": [
          {
            "id": "text",
            "prob": 3,
            "ordinal": [
              1,
              3
            ],
            "value": {
              "text": [
                "现场检查方案"
              ],
              "visText": [
                "现场检查方案"
              ]
            }
          },
          {
            "id": "@class/word",
            "prob": 1,
            "value": "TD.tab-tit SPAN.span-1 SPAN.word-2"
          },
          {
            "id": "path/ordinal",
            "prob": 1,
            "value": "/HTML[1]/BODY[1]/TABLE[2]/TBODY[1]/TR[1]/TD[1]/SPAN[1]/SPAN[1]"
          },
          {
            "id": "elderLevel",
            "value": {
              "level": 0
            }
          }
        ]
      },
      "roles": "element",
      "text": " 现场检查方案",
      "frameXPath": "//frame[@id='mainFrame']<<IFRAME>>//frame[@name='iframeid'][@id='iframeid']<<IFRAME>>"
    },
    "control42_R7yMKQ": {
      "location": {
        "data": {
          "tagName": "DIV"
        },
        "userData": {
          "data": [],
          "force": false
        },
        "locators": [
          {
            "id": "button/text",
            "prob": 3,
            "value": {
              "text": [
                "执法检查"
              ],
              "visText": [
                "执法检查"
              ]
            }
          },
          {
            "id": "@id/word",
            "prob": 2,
            "value": "descendant::TD[@id=\"leftmenu\"]/DIV[5]"
          },
          {
            "id": "@class/word",
            "prob": 1,
            "value": "BODY.bg-1 TD.pad-1 DIV.word-4.leftmenu1"
          },
          {
            "id": "path/ordinal",
            "prob": 1,
            "value": "/HTML[1]/BODY[1]/TABLE[1]/TBODY[1]/TR[1]/TD[1]/DIV[5]"
          }
        ]
      },
      "intendedRole": "button",
      "roles": "element,button",
      "monitored": false,
      "frameXPath": "//frame[@id='mainFrame']<<IFRAME>>//frame[@id='topFrame']<<IFRAME>>",
      "componentType": "button"
    },
    "control44_sm7pA0": {
      "location": {
        "data": {
          "tagName": "INPUT"
        },
        "userData": {
          "data": [],
          "force": false
        },
        "locators": [
          {
            "id": "input/button/@value",
            "prob": 3,
            "value": {
              "text": [
                "生成文书号"
              ]
            }
          },
          {
            "id": "@id/word",
            "prob": 3,
            "value": [
              "descendant::FORM[@id=\"myForm\"]//INPUT[@id=\"addWsh\"]",
              "descendant::INPUT[@id=\"addWsh\"]"
            ]
          },
          {
            "id": "path/ordinal",
            "prob": 1,
            "value": "/HTML[1]/BODY[1]/FORM[1]/TABLE[1]/TBODY[1]/TR[3]/TD[1]/INPUT[1]"
          },
          {
            "id": "input/type",
            "verifyEnabled": true,
            "value": "button"
          }
        ]
      },
      "intendedRole": "button",
      "roles": "element,button",
      "monitored": false,
      "frameXPath": "//frame[@id='mainFrame']<<IFRAME>>//frame[@name='iframeid'][@id='iframeid']<<IFRAME>>",
      "componentType": "button"
    },
    "control45_3lHykA": {
      "location": {
        "data": {
          "tagName": "INPUT"
        },
        "userData": {
          "data": [],
          "force": false
        },
        "locators": [
          {
            "id": "input/button/@value",
            "prob": 3,
            "value": {
              "text": [
                "清空"
              ]
            }
          },
          {
            "id": "@id/word",
            "prob": 3,
            "value": [
              "descendant::FORM[@id=\"myForm\"]//INPUT[@id=\"clean\"]",
              "descendant::INPUT[@id=\"clean\"]"
            ]
          },
          {
            "id": "path/ordinal",
            "prob": 1,
            "value": "/HTML[1]/BODY[1]/FORM[1]/TABLE[1]/TBODY[1]/TR[3]/TD[1]/INPUT[2]"
          },
          {
            "id": "input/type",
            "verifyEnabled": true,
            "value": "button"
          }
        ]
      },
      "intendedRole": "button",
      "roles": "element,button",
      "monitored": false,
      "frameXPath": "//frame[@id='mainFrame']<<IFRAME>>//frame[@name='iframeid'][@id='iframeid']<<IFRAME>>",
      "componentType": "button"
    },
    "control28_spLZTe": {
      "location": {
        "data": {
          "tagName": "SPAN"
        },
        "userData": {
          "data": [],
          "force": false
        },
        "locators": [
          {
            "id": "@class/word",
            "prob": 1,
            "ordinal": [
              0,
              14
            ],
            "value": "SPAN.font_small"
          },
          {
            "id": "path/ordinal",
            "prob": 1,
            "value": "/HTML[1]/BODY[1]/FORM[1]/TABLE[1]/TBODY[1]/TR[3]/TD[1]/SPAN[1]"
          }
        ]
      },
      "events": {
        "onGetData": "getData_control28_spLZTe"
      },
      "intendedRole": "custom",
      "roles": "element,custom",
      "monitored": true,
      "frameXPath": "//frame[@id='mainFrame']<<IFRAME>>//frame[@name='iframeid'][@id='iframeid']<<IFRAME>>",
      "componentType": "custom"
    },
    "control43_3ShuQP": {
      "location": {
        "data": {
          "tagName": "TBODY"
        },
        "userData": {
          "data": [],
          "force": false
        },
        "locators": [
          {
            "id": "@id/word",
            "prob": 2,
            "value": [
              "descendant::FORM[@id=\"myForm\"]/TABLE[2]/TBODY[1]",
              "descendant::FORM[@id=\"myForm\"]//TBODY"
            ]
          },
          {
            "id": "path/ordinal",
            "prob": 1,
            "value": "/HTML[1]/BODY[1]/FORM[1]/TABLE[2]/TBODY[1]"
          }
        ]
      },
      "events": {
        "onGetData": "getData_control43_3ShuQP"
      },
      "intendedRole": "custom",
      "roles": "element,custom",
      "monitored": true,
      "frameXPath": "//frame[@id='mainFrame']<<IFRAME>>//frame[@name='iframeid'][@id='iframeid']<<IFRAME>>",
      "componentType": "custom"
    },
    "control63_KrxO6o": {
      "location": {
        "data": {
          "tagName": "TR"
        },
        "userData": {
          "data": [],
          "force": false
        },
        "locators": [
          {
            "id": "@id/word",
            "prob": 2,
            "value": "descendant::FORM[@id=\"myForm\"]/TABLE[2]/TBODY[1]/TR[12]"
          },
          {
            "id": "path/ordinal",
            "prob": 1,
            "value": "/HTML[1]/BODY[1]/FORM[1]/TABLE[2]/TBODY[1]/TR[12]"
          }
        ]
      },
      "events": {
        "onGetData": "getData_control63_KrxO6o"
      },
      "intendedRole": "custom",
      "roles": "element,custom",
      "monitored": true,
      "frameXPath": "//frame[@id='mainFrame']<<IFRAME>>//frame[@name='iframeid'][@id='iframeid']<<IFRAME>>",
      "componentType": "custom"
    },
    "control64_TUWawM": {
      "location": {
        "data": {
          "tagName": "TBODY"
        },
        "userData": {
          "data": [],
          "force": false
        },
        "locators": [
          {
            "id": "@id/word",
            "prob": 2,
            "value": [
              "descendant::FORM[@id=\"myForm\"]/TABLE[2]/TBODY[1]",
              "descendant::FORM[@id=\"myForm\"]//TBODY"
            ]
          },
          {
            "id": "path/ordinal",
            "prob": 1,
            "value": "/HTML[1]/BODY[1]/FORM[1]/TABLE[2]/TBODY[1]"
          }
        ]
      },
      "events": {
        "onGetData": "getData_control64_TUWawM"
      },
      "intendedRole": "custom",
      "roles": "element,custom",
      "monitored": true,
      "frameXPath": "//frame[@id='mainFrame']<<IFRAME>>//frame[@name='iframeid'][@id='iframeid']<<IFRAME>>",
      "componentType": "custom"
    },
    "control47_OL2Gi2": {
      "location": {
        "data": {
          "tagName": "INPUT"
        },
        "userData": {
          "data": [],
          "force": false
        },
        "locators": [
          {
            "id": "input/button/@value",
            "prob": 3,
            "value": {
              "text": [
                "提 交"
              ]
            }
          },
          {
            "id": "elem/@name",
            "prob": 1,
            "ordinal": [
              0,
              2
            ],
            "value": [
              "descendant::form[@name=\"myForm\"]//INPUT[@name=\"button2\"]",
              "descendant::INPUT[@name=\"button2\"]"
            ]
          },
          {
            "id": "@id/word",
            "prob": 2,
            "value": "descendant::FORM[@id=\"myForm\"]/DIV[1]/INPUT[1]"
          },
          {
            "id": "@class/word",
            "prob": 1,
            "value": "DIV.butdiv INPUT.intbut-10"
          },
          {
            "id": "path/ordinal",
            "prob": 1,
            "value": "/HTML[1]/BODY[1]/FORM[1]/DIV[1]/INPUT[1]"
          },
          {
            "id": "input/type",
            "verifyEnabled": true,
            "value": "button"
          }
        ]
      },
      "intendedRole": "button",
      "roles": "element,button",
      "monitored": false,
      "frameXPath": "//frame[@id='mainFrame']<<IFRAME>>//frame[@name='iframeid'][@id='iframeid']<<IFRAME>>",
      "componentType": "button"
    },
    "control48_LNd4Gk": {
      "location": {
        "data": {
          "tagName": "INPUT"
        },
        "userData": {
          "data": [],
          "force": false
        },
        "locators": [
          {
            "id": "input/button/@value",
            "prob": 3,
            "value": {
              "text": [
                "返 回"
              ]
            }
          },
          {
            "id": "elem/@name",
            "prob": 1,
            "ordinal": [
              1,
              2
            ],
            "value": [
              "descendant::form[@name=\"myForm\"]//INPUT[@name=\"button2\"]",
              "descendant::INPUT[@name=\"button2\"]"
            ]
          },
          {
            "id": "@id/word",
            "prob": 2,
            "value": "descendant::FORM[@id=\"myForm\"]/DIV[1]/INPUT[2]"
          },
          {
            "id": "@class/word",
            "prob": 1,
            "value": "DIV.butdiv INPUT.intbut-3"
          },
          {
            "id": "path/ordinal",
            "prob": 1,
            "value": "/HTML[1]/BODY[1]/FORM[1]/DIV[1]/INPUT[2]"
          },
          {
            "id": "input/type",
            "verifyEnabled": true,
            "value": "button"
          }
        ]
      },
      "intendedRole": "button",
      "roles": "element,button",
      "monitored": false,
      "frameXPath": "//frame[@id='mainFrame']<<IFRAME>>//frame[@name='iframeid'][@id='iframeid']<<IFRAME>>",
      "componentType": "button"
    },
    "control65_R6S5Ey": {
      "location": {
        "data": {
          "tagName": "DIV"
        },
        "userData": {
          "data": [],
          "force": false
        },
        "locators": [
          {
            "id": "@class/word",
            "prob": 1,
            "value": "DIV.panel.window"
          },
          {
            "id": "path/ordinal",
            "prob": 1,
            "value": "/HTML[1]/BODY[1]/DIV[2]"
          }
        ]
      },
      "intendedRole": "dialog",
      "roles": "element,link,dialog",
      "monitored": false,
      "frameXPath": "//frame[@id='mainFrame']<<IFRAME>>//frame[@name='iframeid'][@id='iframeid']<<IFRAME>>",
      "componentType": "dialog"
    },
    "control67_KKQI8S": {
      "location": {
        "data": {
          "tagName": "DIV"
        },
        "userData": {
          "data": [],
          "force": false
        },
        "locators": [
          {
            "id": "@class/word",
            "prob": 1,
            "value": "DIV.panel-header.panel-header-noborder.window-header DIV.panel-tool DIV.panel-tool-close"
          },
          {
            "id": "path/ordinal",
            "prob": 1,
            "value": "/HTML[1]/BODY[1]/DIV[2]/DIV[1]/DIV[3]/DIV[1]"
          },
          {
            "id": "elderLevel",
            "value": {
              "level": 0
            }
          }
        ]
      },
      "intendedRole": "button",
      "roles": "element,button",
      "monitored": false,
      "frameXPath": "//frame[@id='mainFrame']<<IFRAME>>//frame[@name='iframeid'][@id='iframeid']<<IFRAME>>",
      "componentType": "button"
    },
    "control68_Ow2Gvo": {
      "location": {
        "data": {
          "tagName": "DIV"
        },
        "userData": {
          "data": [],
          "force": false
        },
        "locators": [
          {
            "id": "@id/word",
            "prob": 3,
            "value": "descendant::DIV[@id=\"dialog\"]"
          },
          {
            "id": "@class/word",
            "prob": 1,
            "value": "DIV.panel.window DIV.panel-body.panel-body-noborder.window-body"
          },
          {
            "id": "path/ordinal",
            "prob": 1,
            "value": "/HTML[1]/BODY[1]/DIV[2]/DIV[2]"
          }
        ]
      },
      "events": {
        "onGetData": "getData_control68_Ow2Gvo"
      },
      "intendedRole": "custom",
      "roles": "element,link,custom",
      "monitored": true,
      "frameXPath": "//frame[@id='mainFrame']<<IFRAME>>//frame[@name='iframeid'][@id='iframeid']<<IFRAME>>",
      "componentType": "custom"
    }
  },
  "contexts": {
    "context6_Fog1HJ": {
      "controls": [
        "control40_ixMwtX",
        "control42_R7yMKQ",
        "control44_sm7pA0",
        "control45_3lHykA",
        "control28_spLZTe",
        "control43_3ShuQP",
        "control63_KrxO6o",
        "control64_TUWawM",
        "control47_OL2Gi2",
        "control48_LNd4Gk",
        "control65_R6S5Ey",
        "control67_KKQI8S",
        "control68_Ow2Gvo"
      ],
      "anchors": [
        "control41_lokJB8"
      ],
      "urlAnchor": []
    }
  },
  "flows": {
    "flow26_e46126": {
      "toContexts": [
        {
          "toContextId": "context6_Fog1HJ"
        }
      ]
    },
    "flow27_v73Jd0": {
      "fromContextId": "context6_Fog1HJ",
      "fromAction": "click",
      "fromControlId": "control42_R7yMKQ",
      "toContexts": [
        {
          "toContextId": "context6_Fog1HJ"
        }
      ]
    },
    "flow28_J9eQu6": {
      "fromContextId": "context6_Fog1HJ",
      "fromAction": "click",
      "fromControlId": "control44_sm7pA0",
      "toContexts": [
        {
          "toContextId": "context6_Fog1HJ"
        }
      ]
    },
    "flow29_2RzTEp": {
      "fromContextId": "context6_Fog1HJ",
      "fromAction": "click",
      "fromControlId": "control45_3lHykA",
      "toContexts": [
        {
          "toContextId": "context6_Fog1HJ"
        }
      ]
    },
    "flow30_tR8EUn": {
      "fromContextId": "context6_Fog1HJ",
      "fromAction": "doAction",
      "fromControlId": "control43_3ShuQP",
      "toContexts": [
        {
          "toContextId": "context6_Fog1HJ"
        },
        {
          "toContextId": "context7_b7ppvJ",
          "toModelId": "bjcdwxz"
        }
      ]
    },
    "flow35_TK9B7v": {
      "fromContextId": "context6_Fog1HJ",
      "fromAction": "doAction",
      "fromControlId": "control63_KrxO6o",
      "toContexts": [
        {
          "toContextId": "context6_Fog1HJ"
        }
      ]
    },
    "flow32_c3QE9O": {
      "fromContextId": "context6_Fog1HJ",
      "fromAction": "doAction",
      "fromControlId": "control68_Ow2Gvo",
      "toContexts": [
        {
          "toContextId": "context6_Fog1HJ"
        }
      ]
    },
    "flow34_mEhgUr": {
      "fromContextId": "context6_Fog1HJ",
      "fromAction": "click",
      "fromControlId": "control65_R6S5Ey",
      "toContexts": [
        {
          "toContextId": "context6_Fog1HJ"
        }
      ]
    },
    "flow37_DCI8fC": {
      "fromContextId": "context6_Fog1HJ",
      "fromAction": "doAction",
      "fromControlId": "control64_TUWawM",
      "toContexts": [
        {
          "toContextId": "context6_Fog1HJ"
        }
      ]
    },
    "flow45_iZAHAs": {
      "fromContextId": "context6_Fog1HJ",
      "fromAction": "click",
      "fromControlId": "control67_KKQI8S",
      "toContexts": [
        {
          "toContextId": "context6_Fog1HJ"
        }
      ]
    }
  },
  "pages": {
    "page6_s3TZbc": {
      "contextId": "context6_Fog1HJ",
      "layout": [
        {
          "id": "uiControl44_47GD44",
          "display": {
            "title": "安全生产行政执法文书",
            "type": "header",
            "adapterId": "header",
            "adapter": {
              "templateType": ""
            }
          },
          "layout": [
            {
              "id": "uiControl44_47GD44headerLeft",
              "display": {
                "type": "headerLeft",
                "adapterId": "headerLeft",
                "adapter": {
                  "templateType": ""
                }
              },
              "layout": [
                {
                  "id": "uiControl55_FJnVyO",
                  "controlId": "control42_R7yMKQ",
                  "display": {
                    "adapterId": "clickable",
                    "type": "button",
                    "text": " 返回",
                    "adapter": {
                      "templateType": ""
                    }
                  }
                }
              ]
            },
            {
              "id": "uiControl44_47GD44headerRight",
              "display": {
                "type": "headerRight",
                "adapterId": "headerRight",
                "adapter": {
                  "templateType": ""
                }
              },
              "layout": []
            }
          ]
        },
        {
          "id": "uiControl53_Mw7RS5",
          "display": {
            "type": "card",
            "adapterId": "card",
            "adapter": {
              "templateType": ""
            }
          },
          "layout": [
            {
              "id": "uiControl53_Mw7RS5header",
              "display": {
                "type": "cardHeader",
                "text": "",
                "adapterId": "cardHeader",
                "adapter": {
                  "templateType": ""
                }
              },
              "layout": []
            },
            {
              "id": "uiControl53_Mw7RS5body",
              "display": {
                "type": "cardBody",
                "adapterId": "cardBody",
                "adapter": {
                  "templateType": ""
                }
              },
              "layout": [
                {
                  "id": "uiControl54_M646fx",
                  "controlId": "control40_ixMwtX",
                  "display": {
                    "adapterId": "content",
                    "type": "content",
                    "adapter": {
                      "templateType": ""
                    }
                  }
                },
                {
                  "id": "uiControl35_PGJ0Wc",
                  "controlId": "control28_spLZTe",
                  "display": {
                    "adapterId": "custom",
                    "type": "custom",
                    "adapter": {
                      "templateType": "react",
                      "events": {
                        "onDoAction": "doAction_uiControl35_PGJ0Wc",
                        "onGetTemplate": "getTemplate_uiControl35_PGJ0Wc"
                      }
                    }
                  }
                },
                {
                  "id": "uiControl57_twTA2g",
                  "display": {
                    "type": "grid",
                    "adapterId": "grid",
                    "adapter": {
                      "templateType": ""
                    }
                  },
                  "layout": [
                    {
                      "id": "uiControl57_twTA2grow0",
                      "display": {
                        "cols": 3,
                        "type": "col",
                        "adapterId": "col",
                        "adapter": {
                          "templateType": ""
                        }
                      },
                      "layout": [
                        {
                          "id": "uiControl58_vWPqiD",
                          "controlId": "control44_sm7pA0",
                          "display": {
                            "adapterId": "clickable",
                            "type": "button",
                            "hollow": false,
                            "amStyle": "primary",
                            "amSize": "xs",
                            "adapter": {
                              "templateType": ""
                            }
                          }
                        }
                      ]
                    },
                    {
                      "id": "uiControl57_twTA2grow1",
                      "display": {
                        "cols": 3,
                        "type": "col",
                        "adapterId": "col",
                        "adapter": {
                          "templateType": ""
                        }
                      },
                      "layout": [
                        {
                          "id": "uiControl59_xKMZTs",
                          "controlId": "control45_3lHykA",
                          "display": {
                            "adapterId": "clickable",
                            "type": "button",
                            "amStyle": "secondary",
                            "amSize": "xs",
                            "adapter": {
                              "templateType": ""
                            }
                          }
                        }
                      ]
                    }
                  ]
                },
                {
                  "id": "uiControl38_sbnlWR",
                  "controlId": "control43_3ShuQP",
                  "display": {
                    "adapterId": "custom",
                    "type": "custom",
                    "adapter": {
                      "templateType": "react",
                      "events": {
                        "onDoAction": "doAction_uiControl38_sbnlWR",
                        "onGetTemplate": "getTemplate_uiControl38_sbnlWR"
                      }
                    }
                  }
                },
                {
                  "id": "uiControl82_s4E8yt",
                  "controlId": "control63_KrxO6o",
                  "display": {
                    "adapterId": "custom",
                    "type": "custom",
                    "adapter": {
                      "templateType": "react",
                      "events": {
                        "onDoAction": "doAction_uiControl82_s4E8yt",
                        "onGetTemplate": "getTemplate_uiControl82_s4E8yt"
                      }
                    }
                  }
                },
                {
                  "id": "uiControl84_2A6yzK",
                  "controlId": "control64_TUWawM",
                  "display": {
                    "adapterId": "custom",
                    "type": "custom",
                    "adapter": {
                      "templateType": "react",
                      "events": {
                        "onDoAction": "doAction_uiControl84_2A6yzK",
                        "onGetTemplate": "getTemplate_uiControl84_2A6yzK"
                      }
                    }
                  }
                },
                {
                  "id": "uiControl62_kdz8Iz",
                  "display": {
                    "type": "grid",
                    "adapterId": "grid",
                    "adapter": {
                      "templateType": ""
                    }
                  },
                  "layout": [
                    {
                      "id": "uiControl62_kdz8Izrow0",
                      "display": {
                        "cols": 3,
                        "type": "col",
                        "adapterId": "col",
                        "adapter": {
                          "templateType": ""
                        }
                      },
                      "layout": [
                        {
                          "id": "uiControl64_CuxlfF",
                          "controlId": "control47_OL2Gi2",
                          "display": {
                            "adapterId": "clickable",
                            "type": "button",
                            "amStyle": "primary",
                            "amSize": "xs",
                            "adapter": {
                              "templateType": ""
                            }
                          }
                        }
                      ]
                    },
                    {
                      "id": "uiControl62_kdz8Izrow1",
                      "display": {
                        "cols": 3,
                        "type": "col",
                        "adapterId": "col",
                        "adapter": {
                          "templateType": ""
                        }
                      },
                      "layout": [
                        {
                          "id": "uiControl65_Fbl3Wr",
                          "controlId": "control48_LNd4Gk",
                          "display": {
                            "adapterId": "clickable",
                            "type": "button",
                            "amStyle": "secondary",
                            "amSize": "xs",
                            "adapter": {
                              "templateType": ""
                            }
                          }
                        }
                      ]
                    }
                  ]
                }
              ]
            },
            {
              "id": "uiControl53_Mw7RS5footer",
              "display": {
                "type": "cardFooter",
                "adapterId": "cardFooter",
                "adapter": {
                  "templateType": ""
                }
              },
              "layout": []
            }
          ]
        },
        {
          "id": "uiControl66_PeDOl5",
          "controlId": "control65_R6S5Ey",
          "display": {
            "adapterId": "dialog",
            "type": "dialog",
            "adapter": {
              "templateType": ""
            }
          },
          "layout": [
            {
              "id": "uiControl66_PeDOl5body",
              "display": {
                "type": "dialogBody",
                "adapterId": "dialogBody",
                "adapter": {
                  "templateType": ""
                }
              },
              "layout": [
                {
                  "id": "uiControl86_WLhxxU",
                  "controlId": "control68_Ow2Gvo",
                  "display": {
                    "adapterId": "custom",
                    "type": "custom",
                    "adapter": {
                      "templateType": "react",
                      "events": {
                        "onDoAction": "doAction_uiControl86_WLhxxU",
                        "onGetTemplate": "getTemplate_uiControl86_WLhxxU"
                      }
                    }
                  }
                },
                {
                  "id": "uiControl85_O8GKBS",
                  "controlId": "control67_KKQI8S",
                  "display": {
                    "adapterId": "clickable",
                    "type": "button",
                    "amStyle": "secondary",
                    "amSize": "xs",
                    "hollow": false,
                    "text": "关闭",
                    "adapter": {
                      "templateType": ""
                    }
                  }
                }
              ]
            },
            {
              "id": "uiControl66_PeDOl5footer",
              "display": {
                "type": "dialogFooter",
                "adapterId": "dialogFooter",
                "adapter": {
                  "templateType": ""
                }
              },
              "layout": []
            }
          ]
        }
      ]
    }
  },
  "matchers": {
    "page/title": {
      "contexts": {
        "context6_Fog1HJ": [
          "宁夏回族自治区安全生产综合监管信息平台"
        ]
      }
    },
    "page/urls": {
      "contexts": {
        "context6_Fog1HJ": [
          "218.95.181.41:8081/ajjwork/index.jsp?nId=2&index=3&mhType=1"
        ]
      }
    },
    "page/ids": {
      "contexts": {
        "context6_Fog1HJ": [
          [
            "mainFrame",
            "topFrame"
          ]
        ]
      }
    },
    "page/classes": {
      "contexts": {
        "context6_Fog1HJ": [
          []
        ]
      }
    },
    "page/tagTriplets": {
      "contexts": {
        "context6_Fog1HJ": [
          [
            "-/-/FRAME"
          ]
        ]
      }
    }
  }
}