{
  "version": "0.1",
  "id": "work_list_more",
  "targetURL": "http://218.95.181.41:8081/ajjwork/main/symh/workNews.do?method=toZZWorkNewsList",
  "jsFile": "index.js",
  "chineseName": "工作动态更多",
  "description": "",
  "controls": {
    "control2_hTgIiw": {
      "location": {
        "data": {
          "tagName": "TBODY"
        },
        "userData": {
          "data": [],
          "force": false
        },
        "locators": [
          {
            "id": "@class/word",
            "prob": 1,
            "value": "TD.pad-1 TABLE.mar-2 TABLE.tab TBODY"
          },
          {
            "id": "path/ordinal",
            "prob": 1,
            "value": "/HTML[1]/BODY[1]/TABLE[5]/TBODY[1]/TR[1]/TD[1]/TABLE[1]/TBODY[1]/TR[1]/TD[1]/TABLE[2]/TBODY[1]"
          }
        ]
      },
      "events": {
        "onGetData": "getData_control2_hTgIiw"
      },
      "intendedRole": "custom",
      "roles": "element,custom",
      "monitored": true,
      "frameXPath": "",
      "componentType": "custom"
    },
    "control22_28w8yH": {
      "location": {
        "data": {
          "tagName": "IMG"
        },
        "locators": [
          {
            "id": "img/@src",
            "prob": 2,
            "value": {
              "pathname": "/ajjwork/images/symh/banner.jpg"
            }
          },
          {
            "id": "path/ordinal",
            "prob": 1,
            "value": "/HTML[1]/BODY[1]/TABLE[2]/TBODY[1]/TR[1]/TD[1]/IMG[1]"
          }
        ]
      },
      "events": {
        "onGetData": "getData_control22_28w8yH"
      },
      "intendedRole": "custom",
      "roles": "element,image,button,custom",
      "monitored": true,
      "frameXPath": "",
      "componentType": "custom"
    }
  },
  "contexts": {
    "context2_dUgnLD": {
      "controls": [
        "control2_hTgIiw",
        "control22_28w8yH"
      ],
      "anchors": [],
      "urlAnchor": []
    }
  },
  "flows": {
    "flow4_53SLtF": {
      "toContexts": [
        {
          "toContextId": "context2_dUgnLD"
        }
      ]
    }
  },
  "pages": {
    "page2_Wq0f5C": {
      "contextId": "context2_dUgnLD",
      "layout": [
        {
          "id": "uiControl27_cdadfT",
          "controlId": "control22_28w8yH",
          "display": {
            "adapterId": "custom",
            "type": "custom",
            "adapter": {
              "templateType": "react",
              "events": {
                "onDoAction": "doAction_uiControl27_cdadfT",
                "onGetTemplate": "getTemplate_uiControl27_cdadfT"
              }
            }
          }
        },
        {
          "id": "uiControl28_gqMJqA",
          "display": {
            "type": "card",
            "adapterId": "card",
            "adapter": {
              "templateType": ""
            }
          },
          "layout": [
            {
              "id": "uiControl28_gqMJqAheader",
              "display": {
                "type": "cardHeader",
                "text": "",
                "adapterId": "cardHeader",
                "adapter": {
                  "templateType": ""
                }
              },
              "layout": []
            },
            {
              "id": "uiControl28_gqMJqAbody",
              "display": {
                "type": "cardBody",
                "adapterId": "cardBody",
                "adapter": {
                  "templateType": ""
                }
              },
              "layout": [
                {
                  "id": "uiControl5_BM09BT",
                  "controlId": "control2_hTgIiw",
                  "display": {
                    "adapterId": "custom",
                    "type": "custom",
                    "adapter": {
                      "templateType": "react",
                      "events": {
                        "onDoAction": "doAction_uiControl5_BM09BT",
                        "onGetTemplate": "getTemplate_uiControl5_BM09BT"
                      }
                    }
                  }
                }
              ]
            },
            {
              "id": "uiControl28_gqMJqAfooter",
              "display": {
                "type": "cardFooter",
                "adapterId": "cardFooter",
                "adapter": {
                  "templateType": ""
                }
              },
              "layout": []
            }
          ]
        }
      ]
    }
  },
  "matchers": {
    "page/title": {
      "contexts": {
        "context2_dUgnLD": [
          "宁夏回族自治区安全生产综合监管信息平台"
        ]
      }
    },
    "page/urls": {
      "contexts": {
        "context2_dUgnLD": [
          "218.95.181.41:8081/ajjwork/main/symh/workNews.do?method=toZZWorkNewsList"
        ]
      }
    },
    "page/ids": {
      "contexts": {
        "context2_dUgnLD": [
          [
            "_myDP"
          ]
        ]
      }
    },
    "page/classes": {
      "contexts": {
        "context2_dUgnLD": [
          [
            "bor-",
            "border-",
            "input",
            "input_txt",
            "mar-",
            "pad-",
            "page",
            "pagination",
            "tab",
            "word-",
            "wz"
          ]
        ]
      }
    },
    "page/tagTriplets": {
      "contexts": {
        "context2_dUgnLD": [
          [
            "-/-/DIV",
            "-/-/SCRIPT",
            "-/-/TABLE",
            "-/DIV/IFRAME",
            "-/DIV/TABLE",
            "-/TABLE/TBODY",
            "DIV/TABLE/TBODY",
            "TABLE/TBODY/TR",
            "TBODY/TR/FORM",
            "TBODY/TR/TD",
            "TD/TABLE/TBODY",
            "TD/UL/BUTTON",
            "TD/UL/INPUT-button",
            "TD/UL/INPUT-text",
            "TR/TD/A",
            "TR/TD/BR",
            "TR/TD/IMG",
            "TR/TD/INPUT-hidden",
            "TR/TD/TABLE",
            "TR/TD/UL"
          ]
        ]
      }
    }
  }
}