{
  "version": "0.1",
  "id": "login",
  "targetURL": "http://172.16.100.150:9799/jqreport/jqr",
  "jsFile": "index.js",
  "requires": {
    "bbb": "../bbb/index.json"
  },
  "chineseName": "登陆",
  "description": "",
  "controls": {
    "control3_V94CHU": {
      "location": {
        "data": {
          "tagName": "INPUT"
        },
        "userData": {
          "data": [],
          "force": false
        },
        "locators": [
          {
            "id": "input/@value",
            "prob": 1,
            "value": {
              "text": [
                "mobile"
              ]
            }
          },
          {
            "id": "@id/nonWord",
            "prob": 1,
            "disabled": true,
            "fact": "_e_12",
            "value": "descendant::DIV[@id=\"_e_12\"]/TABLE[1]/TBODY[1]/TR[2]/TD[2]/DIV[1]/INPUT[1]"
          },
          {
            "id": "@class/word",
            "prob": 1,
            "value": "TD.text-border-center DIV.text-innerboder-gain INPUT.text-input"
          },
          {
            "id": "path/ordinal",
            "prob": 1,
            "value": "/HTML[1]/BODY[1]/DIV[1]/DIV[1]/DIV[1]/DIV[1]/DIV[1]/DIV[1]/DIV[2]/DIV[6]/TABLE[1]/TBODY[1]/TR[2]/TD[2]/DIV[1]/INPUT[1]"
          },
          {
            "id": "input/type",
            "verifyEnabled": true,
            "value": "text"
          }
        ]
      },
      "events": {
        "onGetData": "getData_control3_V94CHU"
      },
      "intendedRole": "custom",
      "roles": "element,textbox,custom",
      "ignoreVisibility": true,
      "monitored": true,
      "frameXPath": "//iframe[contains(@id,'_e_')]<<IFRAME>>",
      "componentType": "custom"
    },
    "control4_uW8RTz": {
      "location": {
        "data": {
          "tagName": "INPUT"
        },
        "userData": {
          "data": [],
          "force": false
        },
        "locators": [
          {
            "id": "@id/nonWord",
            "prob": 1,
            "disabled": true,
            "fact": "_e_14",
            "value": "descendant::DIV[@id=\"_e_14\"]/TABLE[1]/TBODY[1]/TR[2]/TD[2]/DIV[1]/INPUT[1]"
          },
          {
            "id": "@class/word",
            "prob": 1,
            "value": "TD.text-border-center DIV.text-innerboder-gain INPUT.text-input"
          },
          {
            "id": "path/ordinal",
            "prob": 1,
            "value": "/HTML[1]/BODY[1]/DIV[1]/DIV[1]/DIV[1]/DIV[1]/DIV[1]/DIV[1]/DIV[2]/DIV[4]/TABLE[1]/TBODY[1]/TR[2]/TD[2]/DIV[1]/INPUT[1]"
          },
          {
            "id": "input/type",
            "verifyEnabled": true,
            "value": "password"
          }
        ]
      },
      "events": {
        "onGetData": "getData_control4_uW8RTz"
      },
      "intendedRole": "custom",
      "roles": "element,passwordbox,textbox,custom",
      "ignoreVisibility": true,
      "monitored": true,
      "frameXPath": "//iframe[contains(@id,'_e_')]<<IFRAME>>",
      "componentType": "custom"
    },
    "control5_rON3GJ": {
      "location": {
        "data": {
          "tagName": "DIV"
        },
        "userData": {
          "data": [
            {
              "method": "XPath",
              "value": "//*[@id=\"_e_15\"]"
            }
          ],
          "force": false
        },
        "locators": [
          {
            "id": "@id/nonWord",
            "prob": 1,
            "disabled": true,
            "fact": "_e_15",
            "value": "descendant::DIV[@id=\"_e_15\"]"
          },
          {
            "id": "@class/word",
            "prob": 1,
            "ordinal": [
              8,
              10
            ],
            "value": "DIV.Composite DIV.Composite DIV.Composite"
          },
          {
            "id": "path/ordinal",
            "prob": 1,
            "value": "/HTML[1]/BODY[1]/DIV[1]/DIV[1]/DIV[1]/DIV[1]/DIV[1]/DIV[1]/DIV[2]/DIV[3]"
          },
          {
            "id": "elderLevel",
            "value": {
              "level": 0
            }
          }
        ]
      },
      "intendedRole": "button",
      "roles": "element,button",
      "ignoreVisibility": true,
      "monitored": true,
      "frameXPath": "//iframe[contains(@id,'_e_')]<<IFRAME>>",
      "componentType": "button"
    },
    "control0_W3kT0C": {
      "location": {
        "data": {
          "tagName": "DIV"
        },
        "userData": {
          "data": [],
          "force": false
        },
        "locators": [
          {
            "id": "@id/nonWord",
            "prob": 1,
            "disabled": true,
            "fact": "_e_15",
            "value": "descendant::DIV[@id=\"_e_15\"]"
          },
          {
            "id": "@class/word",
            "prob": 1,
            "ordinal": [
              8,
              10
            ],
            "value": "DIV.Composite DIV.Composite DIV.Composite"
          },
          {
            "id": "path/ordinal",
            "prob": 1,
            "value": "/HTML[1]/BODY[1]/DIV[1]/DIV[1]/DIV[1]/DIV[1]/DIV[1]/DIV[1]/DIV[2]/DIV[3]"
          },
          {
            "id": "elderLevel",
            "value": {
              "level": 0
            }
          }
        ]
      },
      "roles": "element",
      "text": "",
      "frameXPath": "//iframe[contains(@id,'_e_')]<<IFRAME>>"
    },
    "control16_UosNFh": {
      "location": {
        "data": {
          "tagName": "SPAN"
        },
        "userData": {
          "data": [],
          "force": false
        },
        "locators": [
          {
            "id": "@id/nonWord",
            "prob": 1,
            "disabled": true,
            "fact": "_e_11",
            "value": "descendant::DIV[@id=\"_e_11\"]/SPAN[1]"
          },
          {
            "id": "@class/word",
            "prob": 1,
            "ordinal": [
              1,
              2
            ],
            "value": "DIV.Composite DIV.Composite DIV.Label SPAN"
          },
          {
            "id": "path/ordinal",
            "prob": 1,
            "value": "/HTML[1]/BODY[1]/DIV[1]/DIV[1]/DIV[1]/DIV[1]/DIV[1]/DIV[1]/DIV[2]/DIV[7]/SPAN[1]"
          },
          {
            "id": "elderLevel",
            "value": {
              "level": 0
            }
          }
        ]
      },
      "intendedRole": "header",
      "roles": "element,header",
      "monitored": false,
      "frameXPath": "//iframe[contains(@id,'_e_')]<<IFRAME>>",
      "componentType": "header"
    }
  },
  "contexts": {
    "context0_Qv2L6Q": {
      "controls": [
        "control3_V94CHU",
        "control4_uW8RTz",
        "control5_rON3GJ",
        "control16_UosNFh"
      ],
      "anchors": [
        "control0_W3kT0C"
      ],
      "urlAnchor": []
    }
  },
  "flows": {
    "flow0_rGAAH6": {
      "toContexts": [
        {
          "toContextId": "context0_Qv2L6Q"
        }
      ]
    },
    "flow2_bQ4SZh": {
      "fromContextId": "context0_Qv2L6Q",
      "fromAction": "doAction",
      "fromControlId": "control3_V94CHU",
      "toContexts": [
        {
          "toContextId": "context0_Qv2L6Q"
        }
      ]
    },
    "flow3_apg31M": {
      "fromContextId": "context0_Qv2L6Q",
      "fromAction": "doAction",
      "fromControlId": "control4_uW8RTz",
      "toContexts": [
        {
          "toContextId": "context0_Qv2L6Q"
        }
      ]
    },
    "flow4_gvTeaJ": {
      "fromContextId": "context0_Qv2L6Q",
      "fromAction": "click",
      "fromControlId": "control5_rON3GJ",
      "toContexts": [
        {
          "toContextId": "context0_Qv2L6Q"
        },
        {
          "toContextId": "context3_qG8WuW",
          "toModelId": "bbb"
        }
      ]
    }
  },
  "pages": {
    "page0_ziX6iF": {
      "contextId": "context0_Qv2L6Q",
      "layout": [
        {
          "id": "uiControl8_d8Og3I",
          "controlId": "control16_UosNFh",
          "display": {
            "adapterId": "header",
            "type": "header",
            "title": "登录",
            "amStyle": "dark",
            "adapter": {
              "templateType": ""
            }
          },
          "layout": [
            {
              "id": "uiControl8_d8Og3IheaderLeft",
              "display": {
                "type": "headerLeft",
                "adapterId": "headerLeft",
                "adapter": {
                  "templateType": ""
                }
              },
              "layout": []
            },
            {
              "id": "uiControl8_d8Og3IheaderRight",
              "display": {
                "type": "headerRight",
                "adapterId": "headerRight",
                "adapter": {
                  "templateType": ""
                }
              },
              "layout": []
            }
          ]
        },
        {
          "id": "uiControl3_XPp4g1",
          "controlId": "control3_V94CHU",
          "display": {
            "adapterId": "custom",
            "type": "custom",
            "adapter": {
              "templateType": "react",
              "events": {
                "onDoAction": "doAction_uiControl3_XPp4g1",
                "onGetTemplate": "getTemplate_uiControl3_XPp4g1"
              }
            }
          }
        },
        {
          "id": "uiControl4_3UaH8u",
          "controlId": "control4_uW8RTz",
          "display": {
            "adapterId": "custom",
            "type": "custom",
            "adapter": {
              "templateType": "react",
              "events": {
                "onDoAction": "doAction_uiControl4_3UaH8u",
                "onGetTemplate": "getTemplate_uiControl4_3UaH8u"
              }
            }
          }
        },
        {
          "id": "uiControl5_gykNO5",
          "controlId": "control5_rON3GJ",
          "display": {
            "adapterId": "clickable",
            "type": "button",
            "text": "登录",
            "amStyle": "primary",
            "adapter": {
              "templateType": ""
            }
          }
        }
      ]
    }
  },
  "matchers": {
    "page/title": {
      "contexts": {
        "context0_Qv2L6Q": [
          "综合统计信息系统"
        ]
      }
    },
    "page/urls": {
      "contexts": {
        "context0_Qv2L6Q": [
          "172.16.100.150:9799/jqreport/jqr"
        ]
      }
    },
    "page/ids": {
      "contexts": {
        "context0_Qv2L6Q": [
          [
            "TrapProgress",
            "_e_",
            "alert_content",
            "alert_ok",
            "chrome_clipboard_load",
            "confirm_cancel",
            "confirm_content",
            "confirm_ok",
            "printNativeIframe",
            "system_alert_window",
            "system_confirm_window"
          ]
        ]
      }
    },
    "page/classes": {
      "contexts": {
        "context0_Qv2L6Q": [
          [
            "Button",
            "Button_style",
            "Composite",
            "Shell",
            "Window",
            "Window_style",
            "alert-info",
            "application-mask",
            "btn-push-f-b",
            "btn-push-f-l",
            "btn-push-f-lb",
            "btn-push-f-lt",
            "btn-push-f-r",
            "btn-push-f-rb",
            "btn-push-f-rt",
            "btn-push-f-t",
            "btn-push-n-b",
            "btn-push-n-center",
            "btn-push-n-l",
            "btn-push-n-lb",
            "btn-push-n-lt",
            "btn-push-n-r",
            "btn-push-n-rb",
            "btn-push-n-rt",
            "btn-push-n-t",
            "btn-text",
            "draggable",
            "fill",
            "flowproxy-iframe",
            "icon",
            "j-tool",
            "j-tool-close",
            "window-bottom",
            "window-bottom-left",
            "window-bottom-right",
            "window-center",
            "window-left",
            "window-left-td",
            "window-right",
            "window-right-td",
            "window-title",
            "window-top",
            "window-top-left",
            "window-top-right",
            "wtitle"
          ]
        ]
      }
    },
    "page/tagTriplets": {
      "contexts": {
        "context0_Qv2L6Q": [
          [
            "-/-/A",
            "-/-/DIV",
            "-/-/IFRAME",
            "-/-/SCRIPT",
            "-/DIV/DIV",
            "-/DIV/IFRAME",
            "DIV/DIV/DIV",
            "DIV/DIV/TABLE",
            "DIV/TABLE/TBODY",
            "TABLE/TBODY/TR",
            "TBODY/TR/TD",
            "TD/TABLE/TBODY",
            "TR/TD/DIV",
            "TR/TD/P",
            "TR/TD/TABLE"
          ]
        ]
      }
    }
  }
}