{
  "version": "0.1",
  "id": "index_search",
  "targetURL": "http://218.95.181.41:8081/ajjwork/main/zyws/znAudit.do?method=seach&type=seach",
  "jsFile": "index.js",
  "chineseName": "首页查询后的页面",
  "description": "",
  "controls": {
    "control93_u8ABoI": {
      "location": {
        "data": {
          "tagName": "SPAN"
        },
        "userData": {
          "data": [],
          "force": false
        },
        "locators": [
          {
            "id": "@class/word",
            "prob": 1,
            "value": "TD.pad-3 SPAN.word-6"
          },
          {
            "id": "path/ordinal",
            "prob": 1,
            "value": "/HTML[1]/BODY[1]/TABLE[1]/TBODY[1]/TR[1]/TD[1]/SPAN[1]"
          },
          {
            "id": "elderLevel",
            "value": {
              "level": 0
            }
          }
        ]
      },
      "intendedRole": "header",
      "roles": "element,header",
      "monitored": true,
      "frameXPath": "",
      "componentType": "header"
    },
    "control94_a9bSZV": {
      "location": {
        "data": {
          "tagName": "SPAN"
        },
        "userData": {
          "data": [],
          "force": false
        },
        "locators": [
          {
            "id": "text",
            "prob": 3,
            "ordinal": [
              1,
              2
            ],
            "value": {
              "text": [
                "查询结果"
              ],
              "visText": [
                "查询结果"
              ]
            }
          },
          {
            "id": "@class/word",
            "prob": 1,
            "ordinal": [
              1,
              2
            ],
            "value": "TD.tab-tit SPAN.span-1 SPAN.word-2"
          },
          {
            "id": "path/ordinal",
            "prob": 1,
            "value": "/HTML[1]/BODY[1]/TABLE[5]/TBODY[1]/TR[1]/TD[1]/SPAN[1]/SPAN[1]"
          },
          {
            "id": "elderLevel",
            "value": {
              "level": 0
            }
          }
        ]
      },
      "roles": "element",
      "content": true,
      "monitored": false,
      "frameXPath": "",
      "componentType": "content"
    },
    "control95_1apmFt": {
      "location": {
        "data": {
          "tagName": "TD"
        },
        "userData": {
          "data": [],
          "force": false
        },
        "locators": [
          {
            "id": "@class/word",
            "prob": 1,
            "value": "TD.pad-3"
          },
          {
            "id": "path/ordinal",
            "prob": 1,
            "value": "/HTML[1]/BODY[1]/TABLE[1]/TBODY[1]/TR[1]/TD[1]"
          }
        ]
      },
      "events": {
        "onGetData": "getData_control95_1apmFt"
      },
      "intendedRole": "custom",
      "roles": "element,custom",
      "monitored": false,
      "frameXPath": "",
      "componentType": "custom"
    },
    "control4_gTAQhZ": {
      "location": {
        "data": {
          "tagName": "TD"
        },
        "locators": [
          {
            "id": "@class/word",
            "prob": 1,
            "ordinal": [
              1,
              2
            ],
            "value": "TABLE.mar-1 TD.tab-tit"
          },
          {
            "id": "path/ordinal",
            "prob": 1,
            "value": "/HTML[1]/BODY[1]/TABLE[5]/TBODY[1]/TR[1]/TD[1]"
          }
        ]
      },
      "events": {
        "onGetData": "getData_control4_gTAQhZ"
      },
      "intendedRole": "custom",
      "roles": "element,custom",
      "monitored": true,
      "frameXPath": "",
      "componentType": "custom"
    }
  },
  "contexts": {
    "context9_X9Dgpg": {
      "controls": [
        "control93_u8ABoI",
        "control94_a9bSZV",
        "control95_1apmFt",
        "control4_gTAQhZ"
      ],
      "anchors": [],
      "urlAnchor": []
    }
  },
  "flows": {
    "flow61_y2pAkn": {
      "toContexts": [
        {
          "toContextId": "context9_X9Dgpg"
        }
      ]
    },
    "flow16_lyXkfa": {
      "fromContextId": "context9_X9Dgpg",
      "fromAction": "doAction",
      "fromControlId": "control95_1apmFt",
      "toContexts": [
        {
          "toContextId": "context9_X9Dgpg"
        }
      ]
    },
    "flow17_hn8oTq": {
      "fromContextId": "context9_X9Dgpg",
      "fromAction": "click",
      "fromControlId": "control94_a9bSZV",
      "toContexts": [
        {
          "toContextId": "context9_X9Dgpg"
        }
      ]
    }
  },
  "pages": {
    "page9_D2yJdD": {
      "contextId": "context9_X9Dgpg",
      "layout": [
        {
          "id": "uiControl119_mFn3wh",
          "controlId": "control93_u8ABoI",
          "display": {
            "adapterId": "header",
            "type": "header",
            "amStyle": "primary",
            "adapter": {
              "templateType": ""
            }
          },
          "layout": [
            {
              "id": "uiControl119_mFn3whheaderLeft",
              "display": {
                "type": "headerLeft",
                "adapterId": "headerLeft",
                "adapter": {
                  "templateType": ""
                }
              },
              "layout": [
                {
                  "id": "uiControl121_Typ553",
                  "controlId": "control95_1apmFt",
                  "display": {
                    "adapterId": "custom",
                    "type": "custom",
                    "adapter": {
                      "templateType": "react",
                      "events": {
                        "onDoAction": "doAction_uiControl121_Typ553",
                        "onGetTemplate": "getTemplate_uiControl121_Typ553"
                      }
                    }
                  }
                }
              ]
            },
            {
              "id": "uiControl119_mFn3whheaderRight",
              "display": {
                "type": "headerRight",
                "adapterId": "headerRight",
                "adapter": {
                  "templateType": ""
                }
              },
              "layout": []
            }
          ]
        },
        {
          "id": "uiControl118_lF6reU",
          "display": {
            "type": "card",
            "adapterId": "card",
            "adapter": {
              "templateType": ""
            }
          },
          "layout": [
            {
              "id": "uiControl118_lF6reUheader",
              "display": {
                "type": "cardHeader",
                "text": "",
                "adapterId": "cardHeader",
                "adapter": {
                  "templateType": ""
                }
              },
              "layout": []
            },
            {
              "id": "uiControl118_lF6reUbody",
              "display": {
                "type": "cardBody",
                "adapterId": "cardBody",
                "adapter": {
                  "templateType": ""
                }
              },
              "layout": [
                {
                  "id": "uiControl120_QaVAW6",
                  "controlId": "control94_a9bSZV",
                  "display": {
                    "adapterId": "content",
                    "type": "content",
                    "adapter": {
                      "templateType": ""
                    }
                  }
                },
                {
                  "id": "uiControl11_VGoNg9",
                  "controlId": "control4_gTAQhZ",
                  "display": {
                    "adapterId": "custom",
                    "type": "custom",
                    "adapter": {
                      "templateType": "react",
                      "events": {
                        "onDoAction": "doAction_uiControl11_VGoNg9",
                        "onGetTemplate": "getTemplate_uiControl11_VGoNg9"
                      }
                    }
                  }
                }
              ]
            },
            {
              "id": "uiControl118_lF6reUfooter",
              "display": {
                "type": "cardFooter",
                "adapterId": "cardFooter",
                "adapter": {
                  "templateType": ""
                }
              },
              "layout": []
            }
          ]
        }
      ]
    }
  },
  "matchers": {
    "page/title": {
      "contexts": {
        "context9_X9Dgpg": [
          "宁夏回族自治区安全生产综合监管信息平台"
        ]
      }
    },
    "page/urls": {
      "contexts": {
        "context9_X9Dgpg": [
          "218.95.181.41:8081/ajjwork/main/zyws/znAudit.do?method=seach&type=seach",
          "218.95.181.41:8081/ajjwork/main/bzh/formConsultationCaseEjdb.do?method=formConsultationCaseEjdbList",
          "218.95.181.41:8081/ajjwork/main/cxgl/blacklistmanage.do?method=blacklistmanageListJCZC",
          "218.95.181.41:8081/ajjwork/main/xzxk/zhcx.do?method=zhcxList"
        ]
      }
    },
    "page/ids": {
      "contexts": {
        "context9_X9Dgpg": [
          [
            "_myDP",
            "button",
            "drType",
            "endDate",
            "orgName",
            "startDate",
            "workplaceQx",
            "workplaceStreet"
          ],
          [
            "_myDP",
            "button",
            "city",
            "county",
            "endTimeFz",
            "industryCode",
            "orgName",
            "pxdw",
            "startTimeFz"
          ],
          [
            "_myDP",
            "button",
            "orgName"
          ],
          [
            "_myDP",
            "baseForm",
            "button",
            "endDate",
            "startDate",
            "textfield"
          ]
        ]
      }
    },
    "page/classes": {
      "contexts": {
        "context9_X9Dgpg": [
          [
            "border-",
            "input",
            "input_txt",
            "int-text",
            "intbut-",
            "listTable_page",
            "mar-",
            "pad-",
            "page",
            "pagination",
            "selt",
            "span-",
            "tab",
            "tab-tit",
            "table-line",
            "td-",
            "td-line-",
            "td-tab-",
            "tdcolor-",
            "time-text",
            "word-"
          ],
          [
            "border-",
            "input",
            "input_txt",
            "int-text",
            "intbut-",
            "listTable_page",
            "mar-",
            "pad-",
            "page",
            "pagination",
            "selt",
            "span-",
            "tab",
            "tab-tit",
            "table-line",
            "tdcolor-",
            "time-text",
            "word-"
          ],
          [
            "border-",
            "input",
            "input_txt",
            "int-text",
            "intbut-",
            "listTable_page",
            "mar-",
            "pad-",
            "page",
            "pagination",
            "selt",
            "span-",
            "tab",
            "tab-tit",
            "table-line",
            "td-",
            "tdcolor-",
            "word-"
          ],
          [
            "border-",
            "input",
            "input_txt",
            "int-text",
            "intbut-",
            "mar-",
            "pad-",
            "page",
            "pagination",
            "span-",
            "tab",
            "tab-tit",
            "td-",
            "tdcolor-",
            "time-text",
            "word-"
          ]
        ]
      }
    },
    "page/tagTriplets": {
      "contexts": {
        "context9_X9Dgpg": [
          [
            "-/-/DIV",
            "-/-/SCRIPT",
            "-/-/TABLE",
            "-/DIV/IFRAME",
            "-/TABLE/TBODY",
            "FORM/TABLE/TBODY",
            "TABLE/TBODY/TR",
            "TBODY/TR/FORM",
            "TBODY/TR/TD",
            "TD/A/DIV",
            "TD/FORM/TABLE",
            "TD/SELECT/OPTION",
            "TD/SPAN/IMG",
            "TD/SPAN/SPAN",
            "TD/TABLE/TBODY",
            "TD/UL/BUTTON",
            "TD/UL/INPUT-button",
            "TD/UL/INPUT-text",
            "TR/TD/A",
            "TR/TD/BR",
            "TR/TD/DIV",
            "TR/TD/FORM",
            "TR/TD/INPUT-button",
            "TR/TD/INPUT-hidden",
            "TR/TD/INPUT-text",
            "TR/TD/SELECT",
            "TR/TD/SPAN",
            "TR/TD/TABLE",
            "TR/TD/UL"
          ],
          [
            "-/-/DIV",
            "-/-/SCRIPT",
            "-/-/TABLE",
            "-/DIV/IFRAME",
            "-/TABLE/TBODY",
            "FORM/TABLE/TBODY",
            "TABLE/TBODY/TR",
            "TBODY/TR/FORM",
            "TBODY/TR/TD",
            "TD/FORM/TABLE",
            "TD/SELECT/OPTION",
            "TD/SPAN/IMG",
            "TD/SPAN/SPAN",
            "TD/TABLE/TBODY",
            "TD/UL/INPUT-button",
            "TD/UL/INPUT-text",
            "TR/TD/FORM",
            "TR/TD/INPUT-hidden",
            "TR/TD/INPUT-submit",
            "TR/TD/INPUT-text",
            "TR/TD/SELECT",
            "TR/TD/SPAN",
            "TR/TD/TABLE",
            "TR/TD/UL"
          ],
          [
            "-/-/DIV",
            "-/-/SCRIPT",
            "-/-/TABLE",
            "-/DIV/IFRAME",
            "-/TABLE/TBODY",
            "FORM/TABLE/TBODY",
            "TABLE/TBODY/TR",
            "TBODY/TR/FORM",
            "TBODY/TR/TD",
            "TD/FORM/TABLE",
            "TD/SELECT/OPTION",
            "TD/SPAN/IMG",
            "TD/SPAN/SPAN",
            "TD/TABLE/TBODY",
            "TD/UL/BUTTON",
            "TD/UL/INPUT-button",
            "TD/UL/INPUT-text",
            "TR/TD/A",
            "TR/TD/FORM",
            "TR/TD/INPUT-button",
            "TR/TD/INPUT-hidden",
            "TR/TD/INPUT-text",
            "TR/TD/SELECT",
            "TR/TD/SPAN",
            "TR/TD/TABLE",
            "TR/TD/UL"
          ],
          [
            "-/-/DIV",
            "-/-/SCRIPT",
            "-/-/TABLE",
            "-/DIV/IFRAME",
            "-/TABLE/TBODY",
            "FORM/TABLE/TBODY",
            "TABLE/TBODY/TR",
            "TBODY/TR/FORM",
            "TBODY/TR/TD",
            "TD/FORM/TABLE",
            "TD/SPAN/IMG",
            "TD/SPAN/SPAN",
            "TD/TABLE/TBODY",
            "TD/UL/BUTTON",
            "TD/UL/INPUT-button",
            "TD/UL/INPUT-text",
            "TR/TD/A",
            "TR/TD/FORM",
            "TR/TD/INPUT-button",
            "TR/TD/INPUT-hidden",
            "TR/TD/INPUT-text",
            "TR/TD/SPAN",
            "TR/TD/TABLE",
            "TR/TD/UL"
          ]
        ]
      }
    }
  }
}