{
  "special_models": [
    {
      "path": "plan/login/index.json"
    }
  ],
  "common_js": [
    {
      "path": "lib/base.js"
    },
    {
      "path": "lib/customTemplate.js"
    },
    {
      "path": "lib/echarts.common.min.js",
      "sourceType": "local",
      "target": "face"
    }
  ],
  "common_css": [
    {
      "path": "lib/base.css"
    },
    {
      "path": "http://218.95.181.41:8081/ajjwork/css/zTreeStyle/zTreeStyle.css",
      "sourceType": "online",
      "target": "face"
    },
    {
      "path": "lib/amazeui.touch1.override.css",
      "sourceType": "local",
      "target": "face"
    }
  ],
  "path": "file:///Users/machunchao/Documents/enterplorer/enterprises/593505b34bdb5e50fdd25b3c/apps/taiji/common.json"
}